id,@id,addr:city,admin_level,alt_name,border_type,boundary,city,designation,district,is_in:city,kaynak,name,name:en,name:ku,name:ru,network,note,old_name,place,population,population:date,source,type,wall:material,@relations,wikidata,wikimedia_commons,wikipedia
relation/1809463,relation/1809463,,"8",,,administrative,,,,,,Subaşı Mahallesi,,,,TR06-Gölbaşı-köyleri,,,,,,,boundary,,,Q7630852,,
relation/1809666,relation/1809666,,"8",,,administrative,,,,,,Akçaali Mahallesi,,,,TR06-Elmadağ-köyleri,,,,,,,boundary,,,Q4702056,,
relation/1809667,relation/1809667,,"8",,,administrative,,,,,,Akkoyunlu Mahallesi,,,,TR06-Bala-köyleri,,"Büyükdavdanlı;Büyük Davdanlı",,,,,boundary,,,Q5003402,,"tr:Akkoyunlu, Bala"
relation/1809668,relation/1809668,,"8",,,administrative,,,,,,Davdanlı Mahallesi,,Davdana,,TR06-Bala-köyleri,,,,,,,boundary,,,Q5228185,,"tr:Davdanlı, Bala"
relation/1809670,relation/1809670,,"8",,,administrative,,,,,,Kayadibi Mahallesi,,,,TR06-Elmadağ-köyleri,,,,,,,boundary,,,Q6380385,,
relation/1809671,relation/1809671,,"8",,,administrative,,,,,,Süleymanlı Mahallesi,,,,TR06-Elmadağ-köyleri,,,,,,,boundary,,,Q7666733,,
relation/1809672,relation/1809672,,"8",,,administrative,,,,,,Tekke Mahallesi,,,,TR06-Elmadağ-köyleri,,,,,,,boundary,,,Q7695381,,
relation/1810971,relation/1810971,,"8",,,administrative,,,,,,Gökler,,,,TR06-Ayaş-köyleri,,,,,,,boundary,,,Q5626496,,
relation/3113766,relation/3113766,,"8",,,administrative,,,,,,Aydıncık Mahallesi,,,,TR06-Altındağ-suburbs,,,,,,,boundary,,,Q6076131,,
relation/3113767,relation/3113767,,"8",,,administrative,,,,,,Baraj Mahallesi,,,,TR06-Altındağ-suburbs,,,,,,,boundary,,,Q25473417,,
relation/3113768,relation/3113768,,"8",,,administrative,,,,,,Beşikkaya Mahallesi,,,,TR06-Altındağ-suburbs,,,,,,,boundary,,,Q25473423,,
relation/3113769,relation/3113769,,"8",,,administrative,,,,,,Feridun Çelik Mahallesi,,,,TR06-Altındağ-suburbs,,,,,,,boundary,,,Q25473441,,
relation/3113770,relation/3113770,,"8",,,administrative,,,,,,Gicik Mahallesi,,,,TR06-Altındağ-suburbs,,,,,,,boundary,,,Q25473466,,
relation/3113771,relation/3113771,,"8",,,administrative,,,,,,Karacaören Mahallesi,,,,TR06-Altındağ-suburbs,,,,,,,boundary,,,Q6074045,,
relation/3113772,relation/3113772,,"8",,,administrative,,,,,,Karapürçek Mahallesi,,,,TR06-Altındağ-suburbs,,,,,,,boundary,,,Q25473485,,
relation/3113773,relation/3113773,,"8",,,administrative,,,,,,Kavaklı Mahallesi,,,,TR06-Altındağ-suburbs,,,,,,,boundary,,,Q6076482,,
relation/3113774,relation/3113774,,"8",,,administrative,,,,,,Peçenek Mahallesi,,,,TR06-Altındağ-suburbs,,,,,,,boundary,,,Q6099361,,
relation/3113775,relation/3113775,,"8",,,administrative,,,,,,Tatlar Mahallesi,,,,TR06-Altındağ-suburbs,,,,,,,boundary,,,Q6098921,,
relation/3114196,relation/3114196,,"8",,,administrative,,,,,,Hacettepe Mahallesi,,,,TR06-Altındağ-suburbs,,,,,,,boundary,,,Q25473482,,
relation/3114197,relation/3114197,,"8",,,administrative,,,,,,Hacı Bayram Mahallesi,,,,TR06-Altındağ-suburbs,,,,,,,boundary,,,Q19611385,,
relation/3114198,relation/3114198,,"8",,,administrative,,,,,,Kale Mahallesi,,,,TR06-Altındağ-suburbs,,,,,,,boundary,,,Q19611592,,
relation/3114202,relation/3114202,,"8",,,administrative,,,,,,Zübeyde Hanım Mahallesi,,,,TR06-Altındağ-suburbs,,,,,,,boundary,,,Q25473524,,
relation/3644122,relation/3644122,,"8",,,administrative,,,,,,Boyalık Mahallesi,,,,TR06-Gölbaşı-köyleri,,,,,,,boundary,,,Q4952206,,
relation/3644123,relation/3644123,,"8",,,administrative,,,,,,Dikilitaş Mahallesi,,,,TR06-Gölbaşı-köyleri,,,,,,,boundary,,,Q5276530,,
relation/3644125,relation/3644125,,"8",,,administrative,,,,,,İkizce Mahallesi,,,,TR06-Gölbaşı-köyleri,,,,,,,boundary,,,Q8080078,,
relation/3680866,relation/3680866,,"8",,,administrative,,,,,,Beştepe Mahallesi,,,,TR06-mahalleler,,,,,,,boundary,,,Q19610755,,
relation/3680867,relation/3680867,,"8",,,administrative,,,,,,Ata Mahallesi,,,,TR06-mahalleler,,,,,,,boundary,,,Q31190584,,
relation/3914752,relation/3914752,,"8",,,administrative,,,,,,Aşağıemirler Mahallesi,,,,TR18-villages,,,,,,,boundary,,,Q4833292,,
relation/5419868,relation/5419868,,"8",,,administrative,Çubuk/Ankara,,,,,Cumhuriyet Mahallesi,,,,,,,,,,,boundary,,,Q97220803,,
relation/5460045,relation/5460045,,"8",,,administrative,,,,,,Selametli Şehit Emrah Mahallesi,,,,TR06-Gölbaşı-köyleri,,,,,,,boundary,,,Q7447463,,
relation/5460169,relation/5460169,,"8",,,administrative,,,,,,Bezirhane Mahallesi,,,,TR06-Gölbaşı-köyleri,,,,,,,boundary,,,Q4900346,,
relation/5525500,relation/5525500,,"8",Gümüşdere Mahallesi,,administrative,,,,,,Gümüşdere Mahallesi,,,,,,,,,,,boundary,,,Q19611368,,
relation/5525645,relation/5525645,,"8",,,administrative,,,,,,Kavacık Subayevleri Mahallesi,,,,,,,,,,,boundary,,,Q19611641,,
relation/5525677,relation/5525677,,"8",,,administrative,,,,,,Hasköy Mahallesi,,,,,,,,,,,boundary,,,Q19611461,,
relation/5525679,relation/5525679,,"8",,,administrative,,,,,,Şefkat Mahallesi,,,,,,,,,,,boundary,,,Q19613948,,
relation/5525754,relation/5525754,,"8",,,administrative,,,,,,Kalaba Mahallesi,,,,,,,,,,,boundary,,,Q19611587,,
relation/5525799,relation/5525799,,"8",,,administrative,,,,,,Güçlükaya Mahallesi,,,,,,,,,,,boundary,,,Q19611381,,
relation/5525820,relation/5525820,,"8",,,administrative,,,,,,Bağlarbaşı Mahallesi,,,,,,,,,,,boundary,,,Q19610700,,
relation/5525821,relation/5525821,,"8",,,administrative,,,,,,Yakacık Mahallesi,,,,,,,,,,,boundary,,,Q19613019,,
relation/5525831,relation/5525831,,"8",,,administrative,,,,,,Tepebaşı Mahallesi,,,,,,,,,,,boundary,,,Q19612695,,
relation/5525888,relation/5525888,,"8",,,administrative,,,,,,Çiçekli Mahallesi,,,,,,,,,,,boundary,,,Q19613375,,
relation/5525921,relation/5525921,,"8",,,administrative,,,,,,Karargahtepe Mahallesi,,,,,,,,,,,boundary,,,Q19611626,,
relation/5525940,relation/5525940,,"8",,,administrative,,,,,,Basınevleri Mahallesi,,,,,,,,,,,boundary,,,Q19610679,,
relation/5525974,relation/5525974,,"8",,,administrative,,,,,,Emrah Mahallesi,,,,,,,,,,,boundary,,,Q19611114,,
relation/5526123,relation/5526123,,"8",,,administrative,,,,,,Aşağı Eğlence Mahallesi,,,,,,,,,,,boundary,,,Q19610636,,
relation/5526130,relation/5526130,,"8",,,administrative,,,,,,İncirli Mahallesi,,,,,,,,,,,boundary,,,Q41502439,,
relation/5526161,relation/5526161,,"8",,,administrative,,,,,,19 Mayıs Mahallesi,,,,,,,,,,,boundary,,,Q19610337,,
relation/5526587,relation/5526587,,"8",,,administrative,,,,,,Kuşcağız Mahallesi,,,,,,,,,,,boundary,,,Q19611781,,
relation/5526951,relation/5526951,,"8",,,administrative,,,,,,Pınarbaşı Mahallesi,,,,,,,,,,,boundary,,,Q19612274,,
relation/5527199,relation/5527199,,"8",,,administrative,,,,,,Şenlik Mahallesi,,,,,,,,,,,boundary,,,Q19613934,,
relation/5527457,relation/5527457,,"8",,,administrative,,,,,,Atapark Mahallesi,,,,,,,,,,,boundary,,,Q19610583,,
relation/5527717,relation/5527717,,"8",,,administrative,,,,,,Ufuktepe Mahallesi,,,,,,,,,,,boundary,,,Q20474175,,
relation/5527723,relation/5527723,,"8",,,administrative,,,,,,Osmangazi Mahallesi,,,,,,,,,,,boundary,,,Q19612230,,
relation/5527733,relation/5527733,,"8",,,administrative,,,,,,Kamil Ocak Mahallesi,,,,,,,,,,,boundary,,,Q19611598,,
relation/5527798,relation/5527798,,"8",,,administrative,,,,,,Çaldıran Mahallesi,,,,,,,,,,,boundary,,,Q19613301,,
relation/5527866,relation/5527866,,"8",,,administrative,,,,,,Yeşiltepe Mahallesi,,,,,,,,,,,boundary,,,Q19613146,,
relation/5527904,relation/5527904,,"8",,,administrative,,,,,,Yeşilöz Mahallesi,,,,,,,,,,,boundary,,,Q19613151,,
relation/5527921,relation/5527921,,"8",,,administrative,,,,,,Aktepe Mahallesi,,,,,,,,,,,boundary,,,Q19610452,,
relation/5536418,relation/5536418,,"8",,,administrative,,,,,,Adnan Menderes Mahallesi,,,,,,,,,,,boundary,,,Q19610400,,
relation/5536424,relation/5536424,,"8",,,administrative,,,,,,Güzelyurt Mahallesi,,,,,,,,,,,boundary,,,Q6088006,,
relation/5536438,relation/5536438,,"8",,,administrative,,,,,,Şenyuva Mahallesi,,,,,,,,,,,boundary,,,Q19613940,,
relation/5536530,relation/5536530,,"8",,,administrative,,,,,,23 Nisan Mahallesi,,,,,,,,,,,boundary,,,Q19610353,,
relation/5536545,relation/5536545,,"8",,,administrative,,,,,,Köşk Mahallesi,,,,,,,,,,,boundary,,,Q19611792,,
relation/5536616,relation/5536616,,"8",,,administrative,,,,,,Uyanış Mahallesi,,,,,,,,,,,boundary,,,Q19612912,,
relation/5536650,relation/5536650,,"8",,,administrative,,,,,,Bademlik Mahallesi,,,,,,,,,,,boundary,,,Q19610658,,
relation/5536676,relation/5536676,,"8",,,administrative,,,,,,Kanuni Mahallesi,,,,,,,,,,,boundary,,,Q19611607,,
relation/5536806,relation/5536806,,"8",,,administrative,,,,,,Karşıyaka Mahallesi,,,,,,,,,,,boundary,,,Q19611636,,
relation/5536815,relation/5536815,,"8",,,administrative,,,,,,Karakaya Mahallesi,,,,,,,,,,,boundary,,,Q19611621,,
relation/5536830,relation/5536830,,"8",,,administrative,,,,,,Kafkas Mahallesi,,,,,,,,,,,boundary,,,Q19611583,,
relation/5536841,relation/5536841,,"8",,,administrative,,,,,,Hisar Mahallesi,,,,,,,,,,,boundary,,,Q19611507,,
relation/5536912,relation/5536912,,"8",,,administrative,,,,,,Ovacık Mahallesi,,,,,,,,,,,boundary,,,Q19612234,,
relation/5536946,relation/5536946,,"8",,,administrative,,,,,,Yükseltepe Mahallesi,,,,,,,,,,,boundary,,,Q20476357,,
relation/5536970,relation/5536970,,"8",,,administrative,,,,,,Esertepe Mahallesi,,,,,,,,,,,boundary,,,Q19611150,,
relation/5537036,relation/5537036,,"8",,,administrative,,,,,,Etlik Mahallesi,,,,,,,,,,,boundary,,,Q5404659,,
relation/5537040,relation/5537040,,"8",,,administrative,,,,,,Ayvalı Mahallesi,,,,,,,,,,,boundary,,,Q19610624,,
relation/5537126,relation/5537126,,"8",,,administrative,,,,,,Yayla Mahallesi,,,,,,,,,,,boundary,,,Q19613080,,
relation/5537167,relation/5537167,,"8",,,administrative,,,,,,Sancaktepe Mahallesi,,,,,,,,,,,boundary,,,Q19612418,,
relation/5537178,relation/5537178,,"8",,,administrative,,,,,,Şehit Kubilay Mahallesi,,,,,,,,,,,boundary,,,Q19613922,,
relation/5537300,relation/5537300,,"8",,,administrative,,,,,,Kösrelik Mahallesi,,,,,,,,,,,boundary,,,Q6082344,,
relation/5537364,relation/5537364,,"8",,,administrative,,,,,,Sarıbeyler Mahallesi,,,,,,,,,,,boundary,,,Q6097653,,
relation/5537367,relation/5537367,,"8",,,administrative,,,,,,Çalseki Mahallesi,,,,,,,,,,,boundary,,,Q6080439,,
relation/5537405,relation/5537405,,"8",Güzelyurt Mahallesi,,administrative,,,,,,Bağlum Güzelyurt Mahallesi,,,,,,,,,,,boundary,,,Q15980077,,"tr:Bağlum Güzelyurt, Keçiören"
relation/5540962,relation/5540962,,"8",,,administrative,,,,,,Emniyet Mahallesi,,,,,,,,,,,boundary,,,Q31189581,,
relation/5541250,relation/5541250,,"8",,,administrative,,,,,,Gazi Mahallesi,,,,,,,,,,,boundary,,,Q31189586,,
relation/5541275,relation/5541275,,"8",,,administrative,,,,,,Macun Mahallesi,,,,,,,,,,,boundary,,,Q31189804,,
relation/5546023,relation/5546023,,"8",,,administrative,,,,,,25 Mart Mahallesi,,,,,,,,,,,boundary,,,Q31189818,,
relation/5546025,relation/5546025,,"8",,,administrative,,,,,,Çamlıca Mahallesi,,,,,,,,,,,boundary,,,Q31189806,,
relation/5546215,relation/5546215,,"8",,,administrative,,,,,,Gayret Mahallesi,,,,,,,,,,,boundary,,,Q31189654,,
relation/5546301,relation/5546301,,"8",,,administrative,,,,,,Demetgül Mahallesi,,,,,,,,,,,boundary,,,Q31189855,,
relation/5554811,relation/5554811,,"8",,,administrative,,,,,,Varlık Mahallesi,,,,,,,,,,,boundary,,,Q31189798,,
relation/5554853,relation/5554853,,"8",,,administrative,,,,,,Işınlar Mahallesi,,,,,,,,,,,boundary,,,Q31189773,,
relation/5554884,relation/5554884,,"8",,,administrative,,,,,,Demetlale Mahallesi,,,,,,,,,,,boundary,,,Q31189856,,
relation/5554887,relation/5554887,,"8",,,administrative,,,,,,Barış Mahallesi,,,,,,,,,,,boundary,,,Q31189802,,
relation/5596459,relation/5596459,,"8",,,administrative,,,,,,Ragıp Tüzün Mahallesi,,,,,,,,,,,boundary,,,Q31189797,,
relation/5596477,relation/5596477,,"8",,,administrative,,,,,,Yeniçağ Mahallesi,,,,,,,,,,,boundary,,,Q31189786,,
relation/5596484,relation/5596484,,"8",,,administrative,,,,,,Yunus Emre Mahallesi,,,,,,,,,,,boundary,,,Q31189789,,
relation/5596514,relation/5596514,,"8",,,administrative,,,,,,Çarşı Mahallesi,,,,,,,,,,,boundary,,,Q31189791,,
relation/5596556,relation/5596556,,"8",,,administrative,,,,,,Tepealtı Mahallesi,,,,,,,,,,,boundary,,,Q31189790,,
relation/5596580,relation/5596580,,"8",,,administrative,,,,,,Esentepe Mahallesi,,,,,,,,,,,boundary,,,Q31189794,,
relation/5596689,relation/5596689,,"8",,,administrative,,,,,,Ergenekon Mahallesi,,,,,,,,,,,boundary,,,Q31189793,,
relation/5608962,relation/5608962,,"8",,,administrative,,,,,,Anadolu Mahallesi,,,,,,,,,,,boundary,,,Q31189865,,
relation/5608971,relation/5608971,,"8",,,administrative,,,,,,Karşıyaka Mahallesi,,,,,,,,,,,boundary,,,Q31189774,,
relation/5608995,relation/5608995,,"8",,,administrative,,,,,,Demetevler Mahallesi,,,,,,,,,,,boundary,,,Q19610969,,
relation/5609003,relation/5609003,,"8",,,administrative,,,,,,Mehmet Akif Ersoy Mahallesi,,,,,,,,,,,boundary,,,Q31189829,,
relation/5609011,relation/5609011,,"8",,,administrative,,,,,,Özevler Mahallesi,,,,,,,,,,,boundary,,,Q31189866,,
relation/5609015,relation/5609015,,"8",,,administrative,,,,,,Yeşilevler Mahallesi,,,,,,,,,,,boundary,,,Q31189867,,
relation/5609028,relation/5609028,,"8",,,administrative,,,,,,Güzelyaka Mahallesi,,,,,,,,,,,boundary,,,Q31189871,,
relation/5609034,relation/5609034,,"8",,,administrative,,,,,,Pamuklar Mahallesi,,,,,,,,,,,boundary,,,Q31189862,,
relation/5609052,relation/5609052,,"8",,,administrative,,,,,,Güventepe Mahallesi,,,,,,,,,,,boundary,,,Q31189860,,
relation/5609054,relation/5609054,,"8",,,administrative,,,,,,Burç Mahallesi,,,,,,,,,,,boundary,,,Q31189857,,
relation/5609065,relation/5609065,,"8",,,administrative,,,,,,Barıştepe Mahallesi,,,,,,,,,,,boundary,,,Q31189864,,
relation/5609083,relation/5609083,,"8",,,administrative,,,,,,Kayalar Mahallesi,,,,,,,,,,,boundary,,,Q31189861,,
relation/5611743,relation/5611743,,"8",,,administrative,,,,,,Çiğdemtepe Mahallesi,,,,,,,,,,,boundary,,,Q19613377,,
relation/5621167,relation/5621167,,"8",,,administrative,,,,,,Yıldırım Beyazıt Mahallesi,,,,,,,,,,,boundary,,,Q97223517,,
relation/5623458,relation/5623458,,"8",,,administrative,,,,,,Aşağı Yahyalar Mahallesi,,,,,,,,,,,boundary,,,Q31189868,,
relation/5623480,relation/5623480,,"8",,,administrative,,,,,,Yukarı Yahyalar Mahallesi,,,,,,,,,,,boundary,,,Q31189870,,
relation/5623513,relation/5623513,,"8",,,administrative,,,,,,Kaletepe Mahallesi,,,,,,,,,,,boundary,,,Q31189858,,
relation/5623518,relation/5623518,,"8",,,administrative,,,,,,Avcılar Mahallesi,,,,,,,,,,,boundary,,,Q31189859,,
relation/5623621,relation/5623621,,"8",,,administrative,,,,,,İvedikköy Mahallesi,,,,,,,,,,,boundary,,,Q8080246,,
relation/5623684,relation/5623684,,"8",,,administrative,,,,,,Serhat Mahallesi,,,,,,,,,,,boundary,,,Q31189869,,
relation/5623780,relation/5623780,,"8",,,administrative,,,,,,Uğur Mumcu Mahallesi,,,,,,,,,,,boundary,,,Q31189819,,
relation/5623786,relation/5623786,,"8",,,administrative,,,,,,Ostim OSB Mahallesi,,,,,,,,,,,boundary,,,Q109389483,,
relation/5623804,relation/5623804,,"8",,,administrative,,,,,,İlkyerleşim Mahallesi,,,,,,,,,,,boundary,,,Q31189813,,
relation/5623959,relation/5623959,,"8",,,administrative,,,,,,Yuvaköy Mahallesi,,,,,,,,,,,boundary,,,Q6081634,,
relation/5623969,relation/5623969,,"8",,,administrative,,,,,,Yakacık Mahallesi,,,,,,,,,,,boundary,,,Q6085300,,
relation/5623991,relation/5623991,,"8",,,administrative,,,,,,Kuzey Yıldızı Mahallesi,,,,,,,,,,,boundary,,,Q31189820,,
relation/5624447,relation/5624447,,"8",,,administrative,,,,,,Memlik Mahallesi,,,,,,,,,,,boundary,,,Q6092373,,
relation/5635764,relation/5635764,,"8",,,administrative,,,,,,Turgut Özal Mahallesi,,,,,,,,,,,boundary,,,Q6059594,,
relation/5635799,relation/5635799,,"8",,,administrative,,,,,,Kardelen Mahallesi,,,,,,,,,,,boundary,,,Q31189812,,
relation/5635841,relation/5635841,,"8",,,administrative,,,,,,İnönü Mahallesi,,,,,,,,,,,boundary,,,Q31189817,,
relation/5635858,relation/5635858,,"8",,,administrative,,,,,,Kentkoop Mahallesi,,,,,,,,,,,boundary,,,Q109389481,,
relation/6521565,relation/6521565,,"8",,,administrative,,,,,,Şirintepe Mahallesi,,,,,,,,,,,boundary,,,Q97229589,,
relation/6521760,relation/6521760,,"8",,,administrative,,,,,,Misket Mahallesi,,,,,,,,,,,boundary,,,Q31188662,,
relation/6652689,relation/6652689,,"8",,,administrative,,,,,,Malazgirt Mahallesi,,,,,,,,,,,boundary,,,Q109390486,,"tr:Malazgirt, Sincan"
relation/6652734,relation/6652734,,"8",,,administrative,,,,,,Tandoğan Mahallesi,,,,,,,,,,,boundary,,,Q97320831,,
relation/6693072,relation/6693072,,"8",,,administrative,,,,,,Fatih Mahallesi,,,,,,,,,,,boundary,,,Q97389404,,
relation/6693073,relation/6693073,,"8",,,administrative,,,,,,Atatürk Mahallesi,,,,,,,,,,,boundary,,,Q97389276,,
relation/6693076,relation/6693076,,"8",,,administrative,,,,,,Satıkadın Mahallesi,,,,,,,,,,,boundary,,,Q97389543,,
relation/6693080,relation/6693080,,"8",,,administrative,,,,,,Kanuni Sultan Süleyman Mahallesi,,,,,,,,,,,boundary,,,Q97389453,,
relation/6693102,relation/6693102,,"8",,,administrative,,,,,,Örencik Mahallesi,,,,,,,,,,,boundary,,,Q6463226,,
relation/6693103,relation/6693103,,"8",,,administrative,,,,,,Ciğir Mahallesi,,,,,,,,,,,boundary,,,Q15039847,,
relation/6693262,relation/6693262,,"8",,,administrative,,,,,,Günbaşı Mahallesi,,,,,,,,,,,boundary,,,Q5626918,,
relation/6695623,relation/6695623,,"8",,,administrative,,,,,,Kayı Mahallesi,,,,,,,,,,,boundary,,,Q97389474,,
relation/6696868,relation/6696868,,"8",,,administrative,,,,,,Alpagut Mahallesi,,,,,,,,,,,boundary,,,Q4734751,,
relation/6696882,relation/6696882,,"8",,,administrative,,,,,,Güvenç Mahallesi,,,,,,,,,,,boundary,,,Q4831091,,
relation/6696883,relation/6696883,,"8",,,administrative,,,,,,Yıldırımbeyazıt Mahallesi,,,,,,,,,,,boundary,,,Q97389585,,
relation/6698581,relation/6698581,,"8",,,administrative,,,,,,Kumpınar Mahallesi,,,,,,,,,,,boundary,,,Q6444034,,
relation/6698617,relation/6698617,,"8",,,administrative,,,,,,Yavuz Sultan Selim Mahallesi,,,,,,,,,,,boundary,,,Q97389565,,
relation/6698636,relation/6698636,,"8",,,administrative,,,,,,Yassıören Mahallesi,,,,,,,,,,,boundary,,,Q8004219,,
relation/6698656,relation/6698656,,"8",,,administrative,,,,,,Sarıayak Mahallesi,,,,,,,,,,,boundary,,,Q4831063,,
relation/6698737,relation/6698737,,"8",,,administrative,,,,,,Soğucak Mahallesi,,,,,,,,,,,boundary,,,Q7572089,,
relation/6699085,relation/6699085,,"8",,,administrative,,,,,,Tekke Mahallesi,,,,,,,,,,,boundary,,,Q4832408,,
relation/6699088,relation/6699088,,"8",,,administrative,,,,,,Dutözü Mahallesi,,,,,,,,,,,boundary,,,Q4832460,,
relation/6702049,relation/6702049,,"8",,,administrative,,,,,,İçören Mahallesi,,,,,,,,,,,boundary,,,Q8080283,,
relation/6704073,relation/6704073,,"8",,,administrative,,,,,,Akçaören Mahallesi,,,,,,,,,,,boundary,,,Q4702095,,
relation/6704074,relation/6704074,,"8",,,administrative,,,,,,Aşağıkaraören Mahallesi,,,,,,,,,,,boundary,,,Q6884622,,
relation/6705395,relation/6705395,,"8",,,administrative,,,,,,Uçarı Mahallesi,,,,,,,,,,,boundary,,,Q7905303,,
relation/6705406,relation/6705406,,"8",,,administrative,,,,,,İnceğiz Mahallesi,,,,,,,,,,,boundary,,,Q4831741,,
relation/6706705,relation/6706705,,"8",,,administrative,,,,,,Saraç Mahallesi,,,,,,,,,,,boundary,,,Q7423476,,
relation/6706751,relation/6706751,,"8",,,administrative,,,,,,Yayalar Mahallesi,,,,,,,,,,,boundary,,,Q8050509,,
relation/6706799,relation/6706799,,"8",,,administrative,,,,,,Yakupderviş Maallesi,,,,,,,,,,,boundary,,,Q4832080,,
relation/6707047,relation/6707047,,"8",,,administrative,,,,,,Ahi Mahallesi,,,,,,,,,,,boundary,,,Q4695091,,
relation/6707071,relation/6707071,,"8",,,administrative,,,,,,Sancar Mahallesi,,,,,,,,,,,boundary,,,Q7415605,,"tr:Sancar, Kahramankazan"
relation/6707199,relation/6707199,,"8",,,administrative,,,,,,Peçenek Mahallesi,,,,,,,,,,,boundary,,,Q7179679,,
relation/6707388,relation/6707388,,"8",,,administrative,,,,,,Kılıçlar Mahallesi,,,,,,,,,,,boundary,,,Q4831658,,
relation/6725996,relation/6725996,,"8",,,administrative,,,,,,Atatürk Mahallesi,,,,,,,,,,,boundary,,,Q97320575,,"tr:Atatürk, Sincan"
relation/6726010,relation/6726010,,"8",Mareşal Çakmak Mahallesi,,administrative,,,,,,Maraşal Çakmak Mahallesi,,,,,,,,,,,boundary,,,Q97320788,,
relation/6726011,relation/6726011,,"8",,,administrative,,,,,,Andiçen Mahallesi,,,,,,,,,,,boundary,,,Q97220005,,"tr:Andiçen, Sincan"
relation/6726055,relation/6726055,,"8",,,administrative,,,,,,Osmanlı Mahallesi,,,,,,,,,,,boundary,,,Q109390492,,"tr:Osmanlı, Sincan"
relation/6726111,relation/6726111,,"8",,,administrative,,,,,,Pınarbaşı Mahallesi,,,,,,,,,,,boundary,,,Q19612274,"Category:Pınarbaşı, Keçiören","tr:Pınarbaşı, Keçiören"
relation/6726112,relation/6726112,,"8",,,administrative,,,,,,Ertuğrulgazi Mahallesi,,,,,,,,,,,boundary,,,Q109390484,,
relation/6726163,relation/6726163,,"8",,,administrative,,,,,,Selçuklu Mahallesi,,,,,,,,,,,boundary,,,Q109390494,"Category:Selçuklu, Sincan","tr:Selçuklu, Sincan"
relation/6726164,relation/6726164,,"8",,,administrative,,,,,,Plevne Mahallesi,,,,,,,,,,,boundary,,,Q97320810,,
relation/6726193,relation/6726193,,"8",,,administrative,,,,,,Akşemsettin Mahallesi,,,,,,,,,,,boundary,,,Q97320559,,
relation/6726260,relation/6726260,,"8",,,administrative,,,,,,İstasyon Mahallesi,,,,,,,,,,,boundary,,,Q97320888,,
relation/6726365,relation/6726365,,"8",,,administrative,,,,,,Ahi Evran Mahallesi,,,,,,,,,,,boundary,,,Q97229794,,
relation/6726470,relation/6726470,,"8",,,administrative,,,,,,Yunus Emre Mahallesi,,,,,,,,,,,boundary,,,Q97232783,,
relation/6726508,relation/6726508,,"8",,,administrative,,,,,,Ulubatlı Hasan Mahallesi,,,,,,,,,,,boundary,,,Q109389475,,
relation/6726590,relation/6726590,,"8",,,administrative,,,,,,Fatih Mahallesi,,,,,,,,,,,boundary,,,Q6012112,,
relation/6728445,relation/6728445,,"8",,,administrative,,,,,,Gökçek Mahallesi,,,,,,,,,,,boundary,,,Q97221400,,
relation/6728446,relation/6728446,,"8",,,administrative,,,,,,Gazi Osmanpaşa Mahallesi,,,,,,,,,,,boundary,,,Q109390487,,
relation/6728461,relation/6728461,,"8",,,administrative,,,,,,Mevlana Mahallesi,,,,,,,,,,,boundary,,,Q109390490,,
relation/6728462,relation/6728462,,"8",,,administrative,,,,,,Törekent Mahallesi,,,,,,,,,,,boundary,,,Q97223162,,
relation/6728843,relation/6728843,,"8",,,administrative,,,,,,Mustafa Kemal Mahallesi,,,,,,,,,,,boundary,,,Q109390491,,
relation/6728890,relation/6728890,,"8",,,administrative,,,,,,Menderes Mahallesi,,,,,,,,,,,boundary,,,Q109390489,,
relation/6729026,relation/6729026,,"8",,,administrative,,,,,,29 Ekim Mahallesi,,,,,,,,,,,boundary,,,Q109390482,,
relation/6729027,relation/6729027,,"8",,,administrative,,,,,,Fevzi Çakmak Mahallesi,,,,,,,,,,,boundary,,,Q109390485,,
relation/6729173,relation/6729173,,"8",,,administrative,,,,,,Çoğlu Mahallesi,,,,,,,,,,,boundary,,,Q6083738,,
relation/6745047,relation/6745047,,"8",,,administrative,,,,,,Atakent Mahallesi,,,,,,,,,,,boundary,,,Q97320905,,"tr:Atakent, Etimesgut"
relation/6745048,relation/6745048,,"8",,,administrative,,,,,,Topçu Mahallesi,,,,,,,,,,,boundary,,,Q97321037,,
relation/6745049,relation/6745049,,"8",,,administrative,,,,,,Oğuzlar Mahallesi,,,,,,,,,,,boundary,,,Q97320997,,
relation/6745064,relation/6745064,,"8",,,administrative,,,,,,Ayyıldız Mahallesi,,,,,,,,,,,boundary,,,Q97320908,,
relation/6745097,relation/6745097,,"8",,,administrative,,,,,,Ahi Mesut Mahallesi,,,,,,,,,,,boundary,,,Q97320897,,
relation/6745117,relation/6745117,,"8",,,administrative,,,,,,Elvan Mahallesi,,,,,,,,,,,boundary,,,Q109960871,,
relation/6745118,relation/6745118,,"8",,,administrative,,,,,,Piyade Mahallesi,,,,,,,,,,,boundary,,,Q97321004,,
relation/6745141,relation/6745141,,"8",,,administrative,,,,,,Süvari Mahallesi,,,,,,,,,,,boundary,,,Q97321029,,
relation/6745142,relation/6745142,,"8",,,administrative,,,,,,Kazım Karabekir Mahallesi,,,,,,,,,,,boundary,,,Q97320965,,
relation/6745143,relation/6745143,,"8",,,administrative,,,,,,İstasyon Mahallesi,,,,,,,,,,,boundary,,,Q6041769,,
relation/6745165,relation/6745165,,"8",,,administrative,,,,,,Alsancak Mahallesi,,,,,,,,,,,boundary,,,Q97320901,,
relation/6745185,relation/6745185,,"8",,,administrative,,,,,,Bağlıca Mahallesi,,,,,,,,,,,boundary,,,Q6092521,,
relation/6745855,relation/6745855,,"8",,,administrative,Altındağ/Ankara,,,,,Örnek Mahallesi,,,,,,,,,,,boundary,,,Q10802534,,
relation/6747493,relation/6747493,,"8",,,administrative,,,,,,Ergazi Mahallesi,,,,,,,,,,,boundary,,,Q31189805,,
relation/6747494,relation/6747494,,"8",,,administrative,,,,,,Batı Sitesi Mahallesi,,,,,,,,,,,boundary,,,Q31189810,,
relation/6747495,relation/6747495,,"8",,,administrative,,,,,,Yeni Batı Mahallesi,,,,,,,,,,,boundary,,,Q31189807,,
relation/6747513,relation/6747513,,"8",,,administrative,,,,,,Şeker Mahallesi,,,,,,,,,,,boundary,,,Q97321078,,
relation/6747514,relation/6747514,,"8",,,administrative,,,,,,Şehit Osman Avcı Mahallesi,,,,,,,,,,,boundary,,,Q97321074,,
relation/6747515,relation/6747515,,"8",,,administrative,,,,,,Altay Mahallesi,,,,,,,,,,,boundary,,,Q97320902,,
relation/6747547,relation/6747547,,"8",,,administrative,,,,,,Göksu Mahallesi,,,,,,,,,,,boundary,,,Q97320941,,
relation/6747548,relation/6747548,,"8",,,administrative,,,,,,Şeyh Şamil Mahallesi,,,,,,,,,,,boundary,,,Q31189872,"Category:Şeyh Şamil, Etimesgut","tr:Şeyh Şamil, Etimesgut"
relation/6747568,relation/6747568,,"8",,,administrative,,,,,,Tunahan Mahallesi,,,,,,,,,,,boundary,,,Q97321038,,"tr:Tunahan, Etimesgut"
relation/6747569,relation/6747569,,"8",,,administrative,,,,,,Güzelkent Mahallesi,,,,,,,,,,,boundary,,,Q5627197,,
relation/6747593,relation/6747593,,"8",,,administrative,,,,,,Eryaman Mahallesi,,,,,,,,,,,boundary,,,Q110808754,"Category:Eryaman, Etimesgut","tr:Eryaman, Etimesgut"
relation/6747594,relation/6747594,,"8",,,administrative,Etimesgut/Ankara,,,,,Yavuz Selim Mahallesi,,,,,,,,,,,boundary,,,Q97321047,,
relation/6747595,relation/6747595,,"8",,,administrative,,,,,,Yeşilova Mahallesi,,,,,,,,,,,boundary,,,Q97321054,"Category:Yeşilova, Etimesgut","tr:Yeşilova, Etimesgut"
relation/6747635,relation/6747635,,"8",,,administrative,,,,,,Etiler Mahallesi,,,,,,,,,,,boundary,,,Q6001604,,
relation/6747684,relation/6747684,,"8",,,administrative,,,,,,Erler Mahallesi,,,,,,,,,,,boundary,,,Q97320930,,
relation/6747744,relation/6747744,,"8",,,administrative,,,,,,30 Ağustos Mahallesi,,,,,,,,,,,boundary,,,Q6005513,,
relation/6748047,relation/6748047,,"8",,,administrative,,,,,,Ayyıldız Mahallesi,,,,,,,,,,,boundary,,,Q97320909,,
relation/6748082,relation/6748082,,"8",,,administrative,,,,,,Bahçekapı Mahallesi,,,,,,,,,,,boundary,,,Q6041918,,
relation/6748455,relation/6748455,,"8",,,administrative,,,,,,Başpınar Mahallesi,,,,,,,,,,,boundary,,,Q25473418,,
relation/6748456,relation/6748456,,"8",,,administrative,,,,,,Doğantepe Mahallesi,,,,,,,,,,,boundary,,,Q25473439,,
relation/6748492,relation/6748492,,"8",Zülfazıl Mahallesi,,administrative,,,,,,Solfasol Mahallesi,,,,,,,,,,,boundary,,,Q25473505,,
relation/6750636,relation/6750636,,"8",,,administrative,,,,,,Yıldıztepe Mahallesi,,,,,,,,,,,boundary,,,Q10837080,,
relation/6750668,relation/6750668,,"8",,,administrative,,,,,,Güneşevler Mahallesi,,,,,,,,,,,boundary,,,Q25473473,,
relation/6750709,relation/6750709,,"8",,,administrative,,,,,,Aydınlıkevler Mahallesi,,,,,,,,,,,boundary,,,Q97320906,,
relation/6750750,relation/6750750,,"8",,,administrative,,,,,,Ulubey Mahallesi,,,,,,,,,,,boundary,,,Q25473507,,
relation/6750778,relation/6750778,,"8",,,administrative,,,,,,Önder Mahallesi,,,,,,,,,,,boundary,,,Q10803589,,
relation/6750779,relation/6750779,,"8",,,administrative,Altındağ/Ankara,,,,,Gültepe Mahallesi,,,,,,,,,,,boundary,,,Q25473474,,
relation/6750842,relation/6750842,,"8",,,administrative,,,,,,Atıfbey Mahallesi,,,,,,,,,,,boundary,,,Q19610597,,
relation/6752749,relation/6752749,,"8",,,administrative,,,,,,Bostancık Mahallesi,,,,,,,,,,,boundary,,,Q97224793,,
relation/6752807,relation/6752807,,"8",,,administrative,,,,,,Ekin Mahallesi,,,,,,,,,,,boundary,,,Q97225369,,
relation/6752808,relation/6752808,,"8",,,administrative,,,,,,Başak Mahallesi,,,,,,,,,,,boundary,,,Q97230255,,
relation/6752845,relation/6752845,,"8",,,administrative,,,,,,Karaağaç Mahallesi,,,,,,,,,,,boundary,,,Q97226415,,
relation/6752846,relation/6752846,,"8",,,administrative,,,,,,Altıağaç Mahallesi,,,,,,,,,,,boundary,,,Q97224342,,
relation/6752847,relation/6752847,,"8",,,administrative,,,,,,Bahçeleriçi Mahallesi,,,,,,,,,,,boundary,,,Q97224562,,
relation/6753031,relation/6753031,,"8",,,administrative,,,,,,Hüseyingazi Mahallesi,,,,,,,,,,,boundary,,,Q61073106,,
relation/6753032,relation/6753032,,"8",,,administrative,,,,,,Harman Mahallesi,,,,,,,,,,,boundary,,,Q97231234,,
relation/6753085,relation/6753085,,"8",,,administrative,,,,,,Çiğiltepe Mahallesi,,,,,,,,,,,boundary,,,Q97229102,,
relation/6753088,relation/6753088,,"8",,,administrative,Mamak/Ankara,,,,,Altınevler Mahallesi,,,,,,,,,,,boundary,,,Q97224355,,
relation/6753147,relation/6753147,,"8",,,administrative,Mamak/Ankara,,,,,Gülveren Mahallesi,,,,,,,,,,,boundary,,,Q97225980,,
relation/6753148,relation/6753148,,"8",,,administrative,,,,,,Bahçelerüstü Mahallesi,,,,,,,,,,,boundary,,,Q97224567,,
relation/6753443,relation/6753443,,"8",,,administrative,Çankaya/Ankara,,,,,Erzurum Mahallesi,,,,,,,,,,,boundary,,,Q6008093,,
relation/6753459,relation/6753459,,"8",,,administrative,Ankara,,Çankaya,,,Cebeci Mahallesi,,,,,,,,,,,boundary,,,Q6047886,,
relation/6753495,relation/6753495,,"8",,,administrative,Ankara,,Mamak,,,Abidinpaşa Mahallesi,,,,,,,,,,,boundary,,,Q15177937,,
relation/6753496,relation/6753496,,"8",,,administrative,Ankara,,Mamak,,,Balkiraz Mahallesi,,,,,,,,,,,boundary,,,Q97230188,,
relation/6753530,relation/6753530,,"8",,,administrative,,,,,,Hürel Mahallesi,,,,,,,,,,,boundary,,,Q97226252,,
relation/6753531,relation/6753531,,"8",,,administrative,Mamak/Ankara,,,,,Şafaktepe Mahallesi,,,,,,,,,,,boundary,,,Q97229425,,
relation/6753541,relation/6753541,,"8",,,administrative,Mamak/Ankara,,,,,Demirlibahçe Mahallesi,,,,,,,,,,,boundary,,,Q97230577,,
relation/6753704,relation/6753704,,"8",,,administrative,,,,,,Mehtap Mahallesi,,,,,,,,,,,boundary,,,Q97227350,,
relation/6753705,relation/6753705,,"8",,,administrative,Ankara,,Mamak,,,Saimekadın Mahallesi,,,,,,,,,,,boundary,,,Q97227910,,
relation/6753706,relation/6753706,,"8",,,administrative,,,,,,Kartaltepe Mahallesi,,,,,,,,,,,boundary,,,Q97226502,,
relation/6755828,relation/6755828,,"8",,,administrative,,,,,,Çağlayan Mahallesi,,,,,,,,,,,boundary,,,Q97229050,,
relation/6755862,relation/6755862,,"8",,,administrative,,,,,,Tuzluçayır Mahallesi,,,,,,,,,,,boundary,,,Q97232541,,
relation/6755884,relation/6755884,,"8",,,administrative,Ankara,,Mamak,,,Aşık Veysel Mahallesi,,,,,,,,,,,boundary,,,Q97224537,,
relation/6755902,relation/6755902,,"8",Peyami Sefa Mahallesi,,administrative,,,,,,Peyami Safa Mahallesi,,,,,,,,,,,boundary,,,Q97227789,,
relation/6755930,relation/6755930,,"8",,,administrative,,,,,,General Zeki Doğan Mahallesi,,,,,,,,,,,boundary,,,Q97225833,,
relation/6755935,relation/6755935,,"8",,,administrative,,,,,,Şahintepe Mahallesi,,,,,,,,,,,boundary,,,Q97229460,,
relation/6755950,relation/6755950,,"8",,,administrative,,,,,,Mutlu Mahallesi,,,,,,,,,,,boundary,,,Q97227458,,
relation/6755987,relation/6755987,,"8",,,administrative,,,,,,Kutlu Mahallesi,,,,,,,,,,,boundary,,,Q97226948,,
relation/6755988,relation/6755988,,"8",,,administrative,,,,,,Kazım Orbay Mahallesi,,,,,,,,,,,boundary,,,Q97226591,,
relation/6756066,relation/6756066,,"8",,,administrative,,,,,,Türközü Mahallesi,,,,,,,,,,,boundary,,,Q97228466,,
relation/6759086,relation/6759086,,"8",,,administrative,Ankara,,Mamak,,,Akdere Mahallesi,,,,,,,,,,,boundary,,,Q97224151,,
relation/6767479,relation/6767479,,"8",,,administrative,Ankara,,Mamak,,,Şehit Cengiz Topel Mahallesi,,,,,,,,,,,boundary,,,Q97229496,,
relation/6767480,relation/6767480,,"8",,,administrative,Mamak/Ankara,,,,,Fahri Korutürk Mahallesi,,,,,,,,,,,boundary,,,Q97225655,,
relation/6767589,relation/6767589,,"8",,,administrative,Mamak/Ankara,,,,,Durali Alıç Mahallesi,,,,,,,,,,,boundary,,,Q97230687,,
relation/6767590,relation/6767590,,"8",,,administrative,Mamak/Ankara,,,,,Boğaziçi Mahallesi,,,,,,,,,,,boundary,,,Q97224822,,
relation/6767686,relation/6767686,,"8",,,administrative,Mamak/Ankara,,,,,Akşemsettin Mahallesi,,,,,,,,,,,boundary,,,Q97229933,,
relation/6767687,relation/6767687,,"8",,,administrative,Ankara,,Mamak,,,Cengizhan Mahallesi,,,,,,,,,,,boundary,,,Q97224963,,
relation/6767752,relation/6767752,,"8",,,administrative,,,,,,Dutluk Mahallesi,,,,,,,,,,,boundary,,,Q97225331,,
relation/6767753,relation/6767753,,"8",,,administrative,,,,,,Derbent Mahallesi,,,,,,,,,,,boundary,,,Q97225171,,
relation/6767764,relation/6767764,,"8",,,administrative,,,,,,Araplar Mahallesi,,,,,,,,,,,boundary,,,Q97230025,,
relation/6767825,relation/6767825,,"8",,,administrative,,,,,,Dostlar Mahallesi,,,,,,,,,,,boundary,,,Q97225261,,
relation/6767826,relation/6767826,,"8",,,administrative,,,,,,Köstence Mahallesi,,,,,,,,,,,boundary,,,Q97231575,,
relation/6767836,relation/6767836,,"8",,,administrative,Ankara,,Mamak,,,Üreğil Mahallesi,,,,,,,,,,,boundary,,,Q97229184,,
relation/6767865,relation/6767865,,"8",,,administrative,,,,,,Tepecik Mahallesi,,,,,,,,,,,boundary,,,Q97228327,,
relation/6767866,relation/6767866,,"8",,,administrative,,,,,,Kayaş Mahallesi,,,,,,,,,,,boundary,,,Q19611649,,
relation/6768082,relation/6768082,,"8",,,administrative,Ankara,,Mamak,,,Şahap Gürler Mahallesi,,,,,,,,,,,boundary,,,Q97229433,,
relation/6768083,relation/6768083,,"8",,,administrative,Ankara,,Mamak,,,Yeşilbayır Mahallesi,,,,,,,,,,,boundary,,,Q97228811,,
relation/6768248,relation/6768248,,"8",,,administrative,,,,,,Küçük Kayaş Mahallesi,,,,,,,,,,,boundary,,,Q97227167,,
relation/6768370,relation/6768370,,"8",,,administrative,,,,,,Mimar Sinan Mahallesi,,,,,,,,,,,boundary,,,Q97320984,,
relation/6770556,relation/6770556,,"8",,,administrative,,,,,,Yunus Emre Mahallesi,,,,,,,,,,,boundary,,,Q97321056,,
relation/6770589,relation/6770589,,"8",,,administrative,,,,,,Merkez Mahallesi,,,,,,,,,,,boundary,,,Q97320982,,
relation/6770611,relation/6770611,,"8",,,administrative,,,,,,Fatih Mahallesi,,,,,,,,,,,boundary,,,Q97320935,,
relation/6770620,relation/6770620,,"8",,,administrative,,,,,,Tevfik İleri Mahallesi,,,,,,,,,,,boundary,,,Q97321036,,
relation/6770649,relation/6770649,,"8",,,administrative,Ankara,,Çankaya,,,Ertuğrulgazi Mahallesi,,,,,,,,,,,boundary,,,Q97389387,,
relation/6770650,relation/6770650,,"8",,,administrative,Ankara,,Çankaya,,,Fakülteler Mahallesi,,,,,,,,,,,boundary,,,Q25474198,,
relation/6770656,relation/6770656,,"8",,,administrative,Çankaya/Ankara,,,,,Çamlıtepe Mahallesi,,,,,,,,,,,boundary,,,Q97235076,,
relation/6770696,relation/6770696,,"8",,,administrative,,,,,,İleri Mahallesi,,,,,,,,,,,boundary,,,Q97389603,,
relation/6770914,relation/6770914,,"8",,,administrative,,,,,,Ön Cebeci Mahallesi,,,,,,,,,,,boundary,,,Q97389600,,
relation/6770915,relation/6770915,,"8",,,administrative,,,,,,İncesu Mahallesi,,,,,,,,,,,boundary,,,Q97389618,,
relation/6770961,relation/6770961,,"8",,,administrative,Ankara,,Çankaya,,,Topraklık Mahallesi,,,,,,,,,,,boundary,,,Q97389556,,
relation/6770962,relation/6770962,,"8",,,administrative,Ankara,,Çankaya,,,Dilekler Mahallesi,,,,,,,,,,,boundary,,,Q97389360,,
relation/6770963,relation/6770963,,"8",,,administrative,Ankara,,Çankaya,,,50. Yıl Mahallesi,,,,,,,,,,,boundary,,,Q97389227,,
relation/6770976,relation/6770976,,"8",,,administrative,Çankaya/Ankara,,,,,Fidanlık Mahallesi,,,,,,,,,,,boundary,,,Q97233897,,
relation/6770977,relation/6770977,,"8",,,administrative,,,,,,Sağlık Mahallesi,,,,,,,,,,,boundary,,,Q97234691,,
relation/6771185,relation/6771185,,"8",,,administrative,Ankara,,Çankaya,,,Arka Topraklık Mahallsi,,,,,,,,,,,boundary,,,Q97233473,,
relation/6771251,relation/6771251,,"8",,,administrative,,,,,,Zafertepe Mahallesi,,,,,,,,,,,boundary,,,Q97389592,,
relation/6771252,relation/6771252,,"8",,,administrative,,,,,,Göktürk Mahallesi,,,,,,,,,,,boundary,,,Q97320942,,
relation/6771326,relation/6771326,,"8",,,administrative,,,,,,Mimar Sinan Mahallesi,,,,,,,,,,,boundary,,,Q97234367,,
relation/6771327,relation/6771327,,"8",,,administrative,,,,,,Metin Oktay Mahallesi,,,,,,,,,,,boundary,,,Q97234346,,
relation/6771385,relation/6771385,,"8",,,administrative,,,,,,Aşıkpaşa Mahallesi,,,,,,,,,,,boundary,,,Q97389301,,
relation/6771397,relation/6771397,,"8",,,administrative,,,,,,Bayraktar Mahallesi,,,,,,,,,,,boundary,,,Q97389325,"Category:Bayraktar, Çankaya","tr:Bayraktar, Çankaya"
relation/6771418,relation/6771418,,"8",,,administrative,,,,,,Büyükesat Mahallesi,,,,,,,,,,,boundary,,,Q97233707,,
relation/6771450,relation/6771450,,"8",,,administrative,,,,,,Kazım Özalp Mahallesi,,,,,,,,,,,boundary,,,Q97320957,,
relation/6771492,relation/6771492,,"8",,,administrative,,,,,,100. Yıl Mahallesi,,,,,,,,,,,boundary,,,Q97389219,,
relation/6774560,relation/6774560,,"8",,,administrative,,,,,,Umut Mahallesi,,,,,,,,,,,boundary,,,Q97234868,,
relation/6774561,relation/6774561,,"8",,,administrative,,,,,,Murat Mahallesi,,,,,,,,,,,boundary,,,Q97389519,,"tr:Murat, Çankaya"
relation/6774604,relation/6774604,,"8",,,administrative,,,,,,Küçükesat Mahallesi,,,,,,,,,,,boundary,,,Q97234198,,"tr:Küçükesat, Çankaya"
relation/6774605,relation/6774605,,"8",,,administrative,,,,,,Doğuş Mahallesi,,,,,,,,,,,boundary,,,Q97389369,,"tr:Doğuş, Çankaya"
relation/6774715,relation/6774715,,"8",,,administrative,,,,,,Esatoğlu Mahallesi,,,,,,,,,,,boundary,,,Q97389396,,
relation/6774716,relation/6774716,,"8",,,administrative,,,,,,Muhsin Ertuğrul Mahallesi,,,,,,,,,,,boundary,,,Q97389515,,"tr:Muhsin Ertuğrul, Çankaya"
relation/6774717,relation/6774717,,"8",,,administrative,,,,,,Kavaklıdere Mahallesi,,,,,,,,,,,boundary,,,Q6379026,,
relation/6774795,relation/6774795,,"8",,,administrative,,,,,,Tınaztepe Mahallesi,,,,,,,,,,,boundary,,,Q97234834,,
relation/6774796,relation/6774796,,"8",,,administrative,,,,,,Seyranbağları Mahallesi,,,,,,,,,,,boundary,,,Q97389548,,
relation/6774812,relation/6774812,,"8",,,administrative,,,,,,Barbaros Mahallesi,,,,,,,,,,,boundary,,,Q97389309,"Category:Barbaros, Çankaya","tr:Barbaros, Çankaya"
relation/6774813,relation/6774813,,"8",,,administrative,,,,,,Gaziosmanpaşa Mahallesi,,,,,,,,,,,boundary,,,Q5529154,,
relation/6774849,relation/6774849,,"8",,,administrative,,,,,,Birlik Mahallesi,,,,,,,,,,,boundary,,,Q97233674,,
relation/6774990,relation/6774990,,"8",,,administrative,,,,,,Kırkkonaklar Mahallesi,,,,,,,,,,,boundary,,,Q61075923,,
relation/6774991,relation/6774991,,"8",,,administrative,,,,,,Bağcılar Mahallesi,,,,,,,,,,,boundary,,,Q6077469,"Category:Bağcılar, Çankaya","tr:Bağcılar, Çankaya"
relation/6774999,relation/6774999,,"8",,,administrative,,,,,,Bademlidere Mahallesi,,,,,,,,,,,boundary,,,Q97233564,,
relation/6776399,relation/6776399,,"8",,,administrative,,,,,,Boztepe Mahallesi,,,,,,,,,,,boundary,,,Q97389334,,
relation/6776400,relation/6776400,,"8",,,administrative,Çankaya/Ankara,,,,,Güvenevler Mahallesi,,,,,,,,,,,boundary,,,Q97389413,,"tr:Güvenevler, Çankaya"
relation/6776427,relation/6776427,,"8",,,administrative,,,,,,Aziziye Mahallesi,,,,,,,,,,,boundary,,,Q97233511,"Category:Aziziye, Çankaya","tr:Aziziye, Çankaya"
relation/6776519,relation/6776519,,"8",,,administrative,Çankaya/Ankara,,,,,Güzeltepe Mahallesi,,,,,,,,,,,boundary,,,Q97389420,,"tr:Güzeltepe, Çankaya"
relation/6776520,relation/6776520,,"8",,,administrative,,,,,,Yıldızevler Mahallesi,,,,,,,,,,,boundary,,,Q97389588,,
relation/6776562,relation/6776562,,"8",,,administrative,,,,,,Hilal Mahallesi,,,,,,,,,,,boundary,,,Q97389433,,
relation/6776563,relation/6776563,,"8",,,administrative,,,,,,İlkbahar Mahallesi,,,,,,,,,,,boundary,,,Q97389611,,
relation/6776797,relation/6776797,,"8",,,administrative,,,,,,Sancak Mahallesi,,,,,,,,,,,boundary,,,Q97389540,,
relation/6776826,relation/6776826,,"8",,,administrative,,,,,,Çankaya Mahallesi,,,,,,,,,,,boundary,,,Q30598501,,
relation/6776870,relation/6776870,,"8",,,administrative,,,,,,Orta İmrahor Mahallesi,,,,,,,,,,,boundary,,,Q97389533,,
relation/6776871,relation/6776871,,"8",,,administrative,,,,,,Remzi Oğuz Arık Mahallesi,,,,,,,,,,,boundary,,,Q97321009,"Category:Remzi Oğuz Arık, Çankaya","tr:Remzi Oğuz Arık, Çankaya"
relation/6776895,relation/6776895,,"8",,,administrative,,,,,,Ayrancı Mahallesi,,,,,,,,,,,boundary,,,Q20471152,,"tr:Ayrancı, Çankaya"
relation/6776913,relation/6776913,,"8",,,administrative,,,,,,Kültür Mahallesi,,,,,,,,,,,boundary,,,Q97234189,,
relation/6777018,relation/6777018,,"8",,,administrative,,,,,,Kocatepe Mahallesi,,,,,,,,,,,boundary,,,Q97389481,,
relation/6777019,relation/6777019,,"8",,,administrative,,,,,,Meşrutiyet Mahallesi,,,,,,,,,,,boundary,,,Q97389512,,
relation/6777209,relation/6777209,,"8",,,administrative,,,,,,Cumhuriyet Mahallesi,,,,,,,,,,,boundary,,,Q97389342,,
relation/6777210,relation/6777210,,"8",,,administrative,,,,,,Kızılay Mahallesi,,,,,,,,,,,boundary,,,Q2115982,,
relation/6777211,relation/6777211,,"8",,,administrative,,,,,,Korkutreis Mahallesi,,,,,,,,,,,boundary,,,Q97389494,,
relation/6777212,relation/6777212,,"8",,,administrative,,,,,,Eti Mahallesi,,,,,,,,,,,boundary,,,Q97233846,,"tr:Eti, Çankaya"
relation/6777213,relation/6777213,,"8",,,administrative,,,,,,Maltepe Mahallesi,,,,,,,,,,,boundary,,,Q6085491,"Category:Maltepe, Çankaya","tr:Maltepe, Çankaya"
relation/6779434,relation/6779434,,"8",,,administrative,,,,,,Namık Kemal Mahallesi,,,,,,,,,,,boundary,,,Q97320988,,
relation/6779435,relation/6779435,,"8",,,administrative,,,,,,Yücetepe Mahallesi,,,,,,,,,,,boundary,,,Q97389581,,"tr:Yücetepe, Çankaya"
relation/6779557,relation/6779557,,"8",,,administrative,,,,,,Anıttepe Mahallesi,,,,,,,,,,,boundary,,,Q85968042,,tr:Anıttepe
relation/6779579,relation/6779579,,"8",,,administrative,,,,,,Mebusevleri Mahallesi,,,,,,,,,,,boundary,,,Q6804370,,tr:Mebusevleri
relation/6779580,relation/6779580,,"8",,,administrative,,,,,,Bahçelievler Mahallesi,,,,,,,,,,,boundary,,,Q4843096,,"tr:Bahçelievler, Çankaya"
relation/6779619,relation/6779619,,"8",,,administrative,,,,,,Yukarı Bahçelievler Mahallesi,,,,,,,,,,,boundary,,,Q97389577,,"tr:Yukarı Bahçelievler, Çankaya"
relation/6779678,relation/6779678,,"8",,,administrative,,,,,,Emek Mahallesi,,,,,,,,,,,boundary,,,Q97389376,,"tr:Emek, Çankaya"
relation/6779679,relation/6779679,,"8",,,administrative,,,,Çankaya/Ankara,,Balgat Mahallesi,,,,,,,,,,,boundary,,,Q6053551,,tr:Balgat
relation/6779680,relation/6779680,,"8",,,administrative,,,,,,Nasuh Akar Mahallesi,,,,,,,,,,,boundary,,,Q97320989,,"tr:Nasuh Akar, Çankaya"
relation/6779698,relation/6779698,,"8",,,administrative,,,,Çankaya/Ankara,,Devlet Mahallesi,,,,,,,,,,,boundary,,,Q97389350,,
relation/6783096,relation/6783096,,"8",,,administrative,,,,,,Oğuzlar Mahallesi,,,,,,,,,,,boundary,,,Q97320998,"Category:Oğuzlar, Çankaya","tr:Oğuzlar, Çankaya"
relation/6783097,relation/6783097,,"8",,,administrative,,,,,,Ehlibeyt Mahallesi,,,,,,,,,,,boundary,,,Q97233813,,
relation/6783098,relation/6783098,,"8",,,administrative,,,,,,Yukarı Öveçler Mahallesi,,,,,,,,,,,boundary,,,Q97235000,,"tr:Yukarı Öveçler, Çankaya"
relation/6783132,relation/6783132,,"8",,,administrative,,,,,,Cevizlidere Mahallesi,,,,,,,,,,,boundary,,,Q97233731,"Category:Cevizlidere, Çankaya","tr:Cevizlidere, Çankaya"
relation/6783133,relation/6783133,,"8",,,administrative,,,,,,Huzur Mahallesi,,,,,,,,,,,boundary,,,Q97389440,,
relation/6783217,relation/6783217,,"8",,,administrative,,,,,,Gökkuşağı Mahallesi,,,,,,,,,,,boundary,,,Q19611349,,
relation/6783218,relation/6783218,,"8",,,administrative,,,,,,Akpınar Mahallesi,,,,,,,,,,,boundary,,,Q97389245,,
relation/6783285,relation/6783285,,"8",,,administrative,,,,,,Karapınar Mahallesi,,,,,,,,,,,boundary,,,Q97389460,,
relation/6786489,relation/6786489,,"8",,,administrative,,,,,,Ata Mahallesi,,,,,,,,,,,boundary,,,Q97389268,,
relation/6786490,relation/6786490,,"8",,,administrative,,,,,,Şehit Cengiz Karaca Mahallesi,,,,,,,,,,,boundary,,,Q97321072,,
relation/6786491,relation/6786491,,"8",,,administrative,,,,,,Aydınlar Mahallesi,,,,,,,,,,,boundary,,,Q97389285,,
relation/6786507,relation/6786507,,"8",,,administrative,,,,,,Şehit Cevdet Özdemir Mahallesi,,,,,,,,,,,boundary,,,Q97321073,,
relation/6786508,relation/6786508,,"8",,,administrative,,,,,,Öveçler Mahallesi,,,,,,,,,,,boundary,,,Q61073139,,"tr:Öveçler, Çankaya"
relation/6786509,relation/6786509,,"8",,,administrative,,,,,,Sokullu Mehmet Paşa Mahallesi,,,,,,,,,,,boundary,,,Q97389552,,"tr:Sokullu Mehmet Paşa, Çankaya"
relation/6786510,relation/6786510,,"8",,,administrative,,,,,,Harbiye Mahallesi,,,,,,,,,,,boundary,,,Q97389427,,"tr:Harbiye, Çankaya"
relation/6786604,relation/6786604,,"8",,,administrative,,,,,,Aşağı Öveçler Mahallesi,,,,,,,,,,,boundary,,,Q97233540,,"tr:Aşağı Öveçler, Çankaya"
relation/6786647,relation/6786647,,"8",,,administrative,,,,,,İlkadım Mahallesi,,,,,,,,,,,boundary,,,Q97389607,,"tr:İlkadım, Çankaya"
relation/6786697,relation/6786697,,"8",,,administrative,,,,,,Naci Çakır Mahallesi,,,,,,,,,,,boundary,,,Q97389526,,
relation/6786698,relation/6786698,,"8",,,administrative,,,,,,Osman Temiz Mahallesi,,,,,,,,,,,boundary,,,Q97320995,,
relation/6786699,relation/6786699,,"8",,,administrative,,,,,,Malazgirt Mahallesi,,,,,,,,,,,boundary,,,Q97320973,,
relation/6786722,relation/6786722,,"8",,,administrative,,,,,,Keklik Pınarı Mahallesi,,,,,,,,,,,boundary,,,Q6065475,,
relation/6786723,relation/6786723,,"8",,,administrative,,,,,,Mürsel Uluç Mahallesi,,,,,,,,,,,boundary,,,Q97389523,,
relation/6787175,relation/6787175,,"8",,,administrative,,,,,,Metin Akkuş Mahallesi,,,,,,,,,,,boundary,,,Q97320983,,
relation/6787176,relation/6787176,,"8",,,administrative,,,,,,İlker Mahallesi,,,,,,,,,,,boundary,,,Q97389615,,
relation/6787177,relation/6787177,,"8",,,administrative,,,,,,Sakarya Mahallesi,,,,,,Yukarı Dikmen Mahallesi,,,,,boundary,,,Q97234992,,
relation/6787190,relation/6787190,,"8",,,administrative,,,,,,Or-An Mahallesi,,,,,,,,,,,boundary,,,Q97234528,,
relation/6787222,relation/6787222,,"8",,,administrative,,,,,,Kızılırmak Mahallesi,,,,,,,,,,,boundary,,,Q97234235,"Category:Kızılırmak, Çankaya","tr:Kızılırmak, Çankaya"
relation/6787293,relation/6787293,,"8",,,administrative,,,,,,Çukurambar Mahallesi,,,,,,,,,,,boundary,,,Q6078800,"Category:Çukurambar, Çankaya",tr:Çukurambar
relation/6787479,relation/6787479,,"8",,,administrative,Çankaya/Ankara,,,,,Söğütözü Mahallesi,,,,,,,,,,,boundary,,,Q6053406,,
relation/6789062,relation/6789062,,"8",,,administrative,,,,,,İşçi Blokları Mahallesi,,,,,,,,,,,boundary,,,Q97235162,"Category:İşçi Blokları, Çankaya","tr:İşçi Blokları, Çankaya"
relation/6789063,relation/6789063,,"8",,,administrative,,,,,,Çiğdem Mahallesi,,,,,,,,,,,boundary,,,Q97389596,,"tr:Çiğdem, Çankaya"
relation/6789069,relation/6789069,,"8",,,administrative,,,,,,Üniversiteler Mahallesi,,,,,,,,,,,boundary,,,Q97235128,,
relation/6789073,relation/6789073,,"8",,,administrative,Çankaya/Ankara,,,,,Mustafa Kemal Mahallesi,,,,,,,,,,,boundary,,,Q97320987,,
relation/6789092,relation/6789092,,"8",,,administrative,,,,,,Mutlukent Mahallesi,,,,,,,,,,,boundary,,,Q97234383,,
relation/6789093,relation/6789093,,"8",,,administrative,,,,,,Ümit Mahallesi,,,,,,,,,,,boundary,,,Q97235120,,
relation/6789110,relation/6789110,,"8",,,administrative,,,,,,Çayyolu Mahallesi,,,,,,,,,,,boundary,,,Q115449409,,
relation/6789120,relation/6789120,,"8",,,administrative,,,,,,Koru Mahallesi,,,,,,,,,,,boundary,,,Q97389501,,
relation/6789121,relation/6789121,,"8",,,administrative,,,,,,Konutkent Mahallesi,,,,,,,,,,,boundary,,,Q97389488,,
relation/6789274,relation/6789274,,"8",,,administrative,,,,,,Yaşamkent Mahallesi,,,,,,,,,,,boundary,,,Q21527328,,
relation/6789284,relation/6789284,,"8",,,administrative,,,,,,Alacaatlı Mahallesi,,,,,,,,,,,boundary,,,Q6093566,,
relation/6789345,relation/6789345,,"8",,,administrative,,,,,,Dodurga Mahallesi,,,,,,,,,,,boundary,,,Q6083681,,
relation/6789346,relation/6789346,,"8",,,administrative,,,,,,Prof. Dr. Ahmet Taner Kışlalı Mahallesi,,,,,,,,,,,boundary,,,Q97389535,,
relation/6789375,relation/6789375,,"8",,,administrative,,,,,,Fatih Sultan Mahallesi,,,,,,,,,,,boundary,,,Q97320936,,
relation/6789376,relation/6789376,,"8",,,administrative,,,,,,Beytepe Mahallesi,,,,,,,,,,,boundary,,,Q97233644,,
relation/6789619,relation/6789619,,"8",,,administrative,,,,,,Karacakaya Mahallesi,,,,,,,,,,,boundary,,,Q6082476,,
relation/6792223,relation/6792223,,"8",,,administrative,,,,,,Yeniçimşit Mahallesi,,,,,,,,,,,boundary,,,Q6066345,,
relation/6792224,relation/6792224,,"8",,,administrative,,,,,,Saraycık Mahallesi,,,,,,,,,,,boundary,,,Q6070721,,
relation/6792299,relation/6792299,,"8",,,administrative,,,,,,Osmaniye Mahallesi,,,,,,,,,,,boundary,,,Q12811278,,
relation/6792323,relation/6792323,,"8",,,administrative,,,,,,İncek Mahallesi,,,,,,,,,,,boundary,,,Q8080121,,
relation/6792446,relation/6792446,,"8",,,administrative,,,,,,Kızılcaşar Mahallesi,,,,,,,,,,,boundary,,,Q6454832,"Category:Kızılcaşar, Gölbaşı","tr:Kızılcaşar, Gölbaşı"
relation/6792597,relation/6792597,,"8",,,administrative,,,,,,Taşpınar Mahallesi,,,,,,,,,,,boundary,,,Q7690543,,
relation/6792629,relation/6792629,,"8",,,administrative,Çankaya/Ankara,,,,,Ahlatlıbel Mahallesi,,,,,,,,,,,boundary,,,Q97233340,,
relation/6792771,relation/6792771,,"8",,,administrative,,,,,,Ege Mahallesi,,,,,,,,,,,boundary,,,Q97230707,,
relation/6792836,relation/6792836,,"8",,,administrative,,,,,,Kızılca Mahallesi,,,,,,,,,,,boundary,,,Q6090218,,
relation/6793006,relation/6793006,,"8",,,administrative,,,,,,Adalet Mahallesi,,,,,,,,,,,boundary,,,Q97219798,,
relation/6794450,relation/6794450,,"8",,,administrative,,,,,,Karşıyaka Mahallesi,,,,,,,,,,,boundary,,,Q97320954,,
relation/6794464,relation/6794464,,"8",,,administrative,,,,,,Gaziosmanpaşa Mahallesi,,,,,,,,,,,boundary,,,Q97320938,,
relation/7064697,relation/7064697,,"8",,,administrative,,,,,,Şafak Mahallesi,,,,,,,,,,,boundary,,,Q97321071,,
relation/7064700,relation/7064700,,"8",,,administrative,,,,,,Bahçelievler Mahallesi,,,,,,,,,,,boundary,,,,,
relation/8451033,relation/8451033,,"8",,,administrative,,,,,,Muhsin Yazıcıoğlu Mahallesi,,,,,,,,,,,boundary,,,Q97222159,,
relation/8732916,relation/8732916,,"8",Aşağı Dikmen Mahallesi,,administrative,,,,,,Dumlupınar Mahallesi,,,,,,,,,,,boundary,,,Q97233526,,
relation/8827101,relation/8827101,,"8",,,administrative,,,,,,Hasanoğlan Bahçelievler Mahallesi,,,,,,,,,,,boundary,,,Q97320944,,
relation/8827102,relation/8827102,,"8",,,administrative,,,,,,Hasanoğlan Havuzbaşı Mahallesi,,,,,,,,,,,boundary,,,Q97320947,,
relation/8827103,relation/8827103,,"8",,,administrative,,,,,,Muzaffer Ekşi Mahallesi,,,,,,,,,,,boundary,,,Q97231837,,
relation/8827104,relation/8827104,,"8",,,administrative,,,,,,Hasanoğlan Fatih Mahallesi,,,,,,,,,,,boundary,,,Q97320945,,
relation/8827105,relation/8827105,,"8",,,administrative,,,,,,İstasyon Mahallesi,,,,,,,,,,,boundary,,,Q97233048,,
relation/8827106,relation/8827106,,"8",,,administrative,,,,,,Şehitlik Mahallesi,,,,,,,,,,,boundary,,,Q97233138,,
relation/9101254,relation/9101254,,"8",,,administrative,,,,,,Yeşiltepe Mahallesi,,,,,,,,,,,boundary,,,Q97223443,,
relation/9101255,relation/9101255,,"8",,,administrative,,,,,,Beyazıt Mahallesi,,,,,,,,,,,boundary,,,Q97220430,,
relation/9101256,relation/9101256,,"8",,,administrative,,,,,,Timurhan Mahallesi,,,,,,,,,,,boundary,,,Q97223059,,
relation/9101274,relation/9101274,,"8",,,administrative,,,,,,Büğdüz Mahallesi,,,,,,,,,,,boundary,,,Q5005344,,
relation/9101305,relation/9101305,,"8",,,administrative,,,,,,Şeyhler Mahallesi,,,,,,,,,,,boundary,,,Q8082509,,
relation/9101314,relation/9101314,,"8",,,administrative,,,,,,Yıldırım Mahallesi,,,,,,,,,,,boundary,,,Q97223505,,
relation/9101382,relation/9101382,,"8",,,administrative,,,,,,Atatürk Mahallesi,,,,,,,,,,,boundary,,,Q97220096,,
relation/9101453,relation/9101453,,"8",,,administrative,,,,,,Kızık Mahallesi,,,,,,,,,,,boundary,,,Q6454778,,
relation/9101481,relation/9101481,,"8",,,administrative,,,,,,Karacalar Mahallesi,,,,,,,,,,,boundary,,,Q6367678,,
relation/9101489,relation/9101489,,"8",,,administrative,,,,,,Çardakbağı Mahallesi,,,,,,,,,,,boundary,,,Q11171053,,
relation/9101532,relation/9101532,,"8",Galaba Mahallesi,,administrative,,,,,,Kalaba Mahallesi,,,,,,,,,,,boundary,,,Q109386744,,
relation/9101571,relation/9101571,,"8",,,administrative,,,,,,Uzunlar Mahallesi,,,,,,,,,,,boundary,,,Q7905189,,
relation/9101591,relation/9101591,,"8",,,administrative,,,,,,Çam Mahallesi,,,,,,,,,,,boundary,,,Q8077475,,
relation/9101611,relation/9101611,,"8",,,administrative,,,,,,Karayatak Mahallesi,,,,,,,,,,,boundary,,,Q6368884,,
relation/9101612,relation/9101612,,"8",,,administrative,,,,,,Samut Mahallesi,,,,,,,,,,,boundary,,,Q97222543,,
relation/10104958,relation/10104958,,"8",,,administrative,,,,,,Ovacık Mahallesi,,,,,,,,,,,boundary,,,Q4833392,,
relation/10115265,relation/10115265,,"8",,,administrative,,,,,,Eğriekin Mahallesi,,,,,,,,,,,boundary,,,Q5423525,,
relation/10217709,relation/10217709,,"8","Güldarbı Mahallesi;Güldarbı",,administrative,,,,,,Güldarpı Mahallesi,,,,,,,,,,,boundary,,,Q12809770,,"tr:Güldarpı, Çubuk"
relation/11158285,relation/11158285,,"8",,,administrative,,,,,,Aliağa Mahallesi,,,,,,,,,,,boundary,,,Q97229980,"Category:Aliağa, Nallıhan","tr:Aliağa, Nallıhan"
relation/11158302,relation/11158302,,"8",,,administrative,,,,,,İbrahimbeyli Mahallesi,,,,,,,,,,,boundary,,,Q8003658,,"tr:İbrahimbeyli, Evren"
relation/11158303,relation/11158303,,"8",,,administrative,,,,,,Eskitorunobası Mahallesi,,,,,,,,,,,boundary,,,Q7827447,,"tr:Eskitorunobası, Evren"
relation/11158306,relation/11158306,,"8",,,administrative,,,,,,Cebirli Mahallesi,,,,,,,,,,,boundary,,,Q4831054,,"tr:Cebirli, Evren"
relation/11354387,relation/11354387,,"8",,,administrative,,,,,,Kuruçay Mahallesi,,,,,,,,,,,boundary,,,Q6447555,,
relation/11356128,relation/11356128,,"8",,,administrative,,,,,,Kışlacık Mahallesi,,,,,,,,,,,boundary,,,Q8003120,,
relation/11484848,relation/11484848,,"8",,,administrative,,,,,,Rüstempaşa Mahallesi,,,,,,,,,,,boundary,,,Q97232188,,"tr:Rüstempaşa, Beypazarı"
relation/11484849,relation/11484849,,"8",,,administrative,,,,,,İstiklal Mahallesi,,,,,,,,,,,boundary,,,Q97233055,,"tr:İstiklal, Beypazarı"
relation/11484850,relation/11484850,,"8",,,administrative,,,,,,Zafer Mahallesi,,,,,,,,,,,boundary,,,Q97232808,,"tr:Zafer, Beypazarı"
relation/11484851,relation/11484851,,"8",,,administrative,,,,,,Kurtuluş Mahallesi,,,,,,,,,,,boundary,,,Q97231539,,"tr:Kurtuluş, Beypazarı"
relation/11484852,relation/11484852,,"8",,,administrative,,,,,,Beytepe Mahallesi,,,,,,,,,,,boundary,,,Q97230322,"Category:Beytepe, Beypazarı","tr:Beytepe, Beypazarı"
relation/11484970,relation/11484970,,"8",,,administrative,,,,,,Cumhuriyet Mahallesi,,,,,,,,,,,boundary,,,Q97230494,,"tr:Cumhuriyet, Beypazarı"
relation/11484971,relation/11484971,,"8",,,administrative,,,,,,Başağaç Mahallesi,,,,,,,,,,,boundary,,,Q97230268,,"tr:Başağaç, Beypazarı"
relation/11484972,relation/11484972,,"8",,,administrative,,,,,,Hacıkara Mahallesi,,,,,,,,,,,boundary,,,Q97231199,,"tr:Hacıkara, Beypazarı"
relation/11485067,relation/11485067,,"8",,,administrative,,,,,,Ayvaşık Mahallesi,,,,,,,,,,,boundary,,,Q97230082,,"tr:Ayvaşık, Beypazarı"
relation/11485068,relation/11485068,,"8",,,administrative,,,,,,Yeşilağaç Mahallesi,,,,,,,,,,,boundary,,,Q97232716,,"tr:Yeşilağaç, Beypazarı"
relation/11485069,relation/11485069,,"8",,,administrative,,,,,,Gazipaşa Mahallesi,,,,,,,,,,,boundary,,,Q97231039,,"tr:Gazipaşa, Beypazarı"
relation/11485201,relation/11485201,,"8",,,administrative,,,,,,Yazı Mahallesi,,,,,,,,,,,boundary,,,Q97232618,,"tr:Yazı, Nallıhan"
relation/11558788,relation/11558788,,"8",,,administrative,,,,,,Karaköy Mahallesi,,,,,,,,,,,boundary,,,Q6368196,,
relation/12172830,relation/12172830,,"8",,,administrative,,,,,,Atatürk Mahallesi,,,,,,,,,,,boundary,,,Q97230064,,"tr:Atatürk, Nallıhan"
relation/12562285,relation/12562285,,"8",,,administrative,,,,,,Akdere Mahallesi,,,,,,,,,,,boundary,,,Q4700537,,"tr:Akdere, Nallıhan"
relation/12562286,relation/12562286,,"8",,,administrative,,,,,,Hacıbey Mahallesi,,,,,,,,,,,boundary,,,Q97231171,,"tr:Hacıbey, Nallıhan"
relation/12562287,relation/12562287,,"8",,,administrative,,,,,,100. Yıl Mahallesi,,,,,,,,,,,boundary,,,Q97229684,,"tr:100.Yıl, Nallıhan"
relation/12946871,relation/12946871,,"8",,,administrative,,,,,,Yeni Bağlıca Mahallesi,,,,,,,,,,,boundary,,,Q119166126,,
relation/12946872,relation/12946872,,"8",,,administrative,,,,,,Devlet Mahallesi,,,,,,,,,,,boundary,,,Q119166127,,
relation/13156854,relation/13156854,,"8",,,administrative,,,,,,Fatih Mahallesi,,,,,,,,,,,boundary,,,Q97221238,,
relation/13200843,relation/13200843,,"8",,,administrative,,,,,,Yazır Mahallesi,,,,,,,,,,,boundary,,,Q8050658,,
relation/13393687,relation/13393687,,"8",,,administrative,,,,,,Yeşilova Mahallesi,,,,,,,,,,,boundary,,,Q97232752,,
relation/13393689,relation/13393689,,"8",,,administrative,,,,,,Hürriyet Mahallesi,,,,,,,,,,,boundary,,,Q97231311,,
relation/13393692,relation/13393692,,"8",,,administrative,,,,,,Yeni Mahalle,,,,,,,,,,,boundary,,,Q97232655,,
relation/13393693,relation/13393693,,"8",,,administrative,,,,,,Yeni Mahalle,,,,,,,,,,,boundary,,,Q97223402,,"tr:Yenimahalle, Evren"
relation/13436475,relation/13436475,,"8",,,administrative,,,,,,Kusunlar Mahallesi,,,,,,,,,,,boundary,,,Q6080311,,
relation/13436476,relation/13436476,,"8",,,administrative,,,,,,Zirvekent Mahallesi,,,,,,,,,,,boundary,,,Q97228985,,
relation/13438735,relation/13438735,,"8",,,administrative,,,,,,Kıbrısköy Mahallesi,,,,,,,,,,,boundary,,,Q6103083,,
relation/13441406,relation/13441406,,"8",,,administrative,,,,,,Lalahan Mahallesi,,,,,,,,,,,boundary,,,Q97227248,,
relation/13459552,relation/13459552,,"8",,,administrative,,,,,,Nasuhpaşa Mahallesi,,,,,,,,,,,boundary,,,Q97231897,,"tr:Nasuhpaşa, Nallıhan"
relation/13459553,relation/13459553,,"8",,,administrative,,,,,,Fatih Mahallesi,,,,,,,,,,,boundary,,,Q97230906,,"tr:Fatih, Nallıhan"
relation/13513085,relation/13513085,,"8",,,administrative,,,,,,Bayındır Mahallesi,,,,,,,,,,,boundary,,,Q6070538,,
relation/13513086,relation/13513086,,"8",,,administrative,,,,,,Ortaköy Mahallesi,,,,,,,,,,,boundary,,,Q6090086,,
relation/13513087,relation/13513087,,"8",,,administrative,,,,,,Kutludüğün Mahallesi,,,,,,,,,,,boundary,,,Q97226961,,
relation/13513088,relation/13513088,,"8",,,administrative,,,,,,Yeni Bayındır Mahallesi,,,,,,,,,,,boundary,,,Q97232664,,
relation/13513089,relation/13513089,,"8",,,administrative,,,,,,Gökçeyurt Mahallesi,,,,,,,,,,,boundary,,,Q6077352,,
relation/13513090,relation/13513090,,"8",,,administrative,,,,,,Karşıyaka Mahallesi,,,,,,,,,,,boundary,,,Q97226528,,
relation/13513162,relation/13513162,,"8",,,administrative,,,,,,Yukarı İmrohor Mahallesi,,,,,,,,,,,boundary,,,Q97232770,,
relation/13513210,relation/13513210,,"8",,,administrative,,,,,,Diriliş Mahallesi,,,,,,,,,,,boundary,,,Q109393913,,
relation/13753686,relation/13753686,,"8",,,administrative,,,,,,Gençali Mahallesi,,,,,,,,,,,boundary,,,Q5533860,,
relation/13757557,relation/13757557,,"8",,,administrative,,,,,,Yeşildere Fatih Mahallesi,,,,,,,,,,,boundary,,,Q97232735,,
relation/13757558,relation/13757558,,"8",,,administrative,,,,,,Seyitcemali Mahallesi,,,,,,,,,,,boundary,,,Q97232308,,
relation/13761238,relation/13761238,,"8",,,administrative,,,,,,Ostim Mahallesi,,,,,,,,,,,boundary,,,Q31187907,,
relation/13761239,relation/13761239,,"8",,,administrative,,,,,,Susuz Mahallesi,,,,,,,,,,,boundary,,,Q110819535,,
relation/13763127,relation/13763127,,"8",,,administrative,,,,,,Battalgazi Mahallesi,,,,,,,,,,,boundary,,,Q25473421,,
relation/13764530,relation/13764530,,"8",,,administrative,,,,,,Aşağı İmrahor Mahallesi,,,,,,,,,,,boundary,,,Q97389293,,
relation/14440196,relation/14440196,,"8",,,administrative,,,,,,Tuzla Mahallesi,,,,,,,,,,,boundary,,,Q97232530,,
relation/14440197,relation/14440197,,"8",,,administrative,,,,,,İstiklal Mahallesi,,,,,,,,,,,boundary,,,Q97233075,,
relation/14440198,relation/14440198,,"8",,,administrative,,,,,,Hacıenbiya Mahallesi,,,,,,,,,,,boundary,,,Q97231186,,
relation/14440199,relation/14440199,,"8",,,administrative,,,,,,Ekici Mahallesi,,,,,,,,,,,boundary,,,Q97230726,,
relation/14507855,relation/14507855,,"8",,,administrative,,,,,,Akkaya Mahallesi,,,,,,,,,,,boundary,,,Q4701356,,
relation/14510600,relation/14510600,,"8",,,administrative,,,,,,Taşpınar Mahallesi,,,,,,,,,,,boundary,,,Q7690546,,
relation/14510601,relation/14510601,,"8",,,administrative,,,,,,Sünlü Mahallesi,,,,,,,,,,,boundary,,,Q7666755,,
relation/14581699,relation/14581699,,"8",,,administrative,,,,,,Ağılcık Mahallesi,,,,,,,,,,,boundary,,,Q4833405,,
relation/14585335,relation/14585335,,"8",,,administrative,,,,,,Atatürk Mahallesi,,,,,,,,,,,boundary,,,Q97220133,,
relation/14585497,relation/14585497,,"8",,,administrative,,,,,,Barbaros Mahallesi,,,,,,,,,,,boundary,,,Q97220351,,
relation/14585623,relation/14585623,,"8",,,administrative,,,,,,Yavuz Selim Mahallesi,,,,,,,,,,,boundary,,,Q97223336,,
relation/14588964,relation/14588964,,"8",,,administrative,,,,,,Esenboğa Mahallesi,,,,,,,,,,,boundary,,,Q1367553,,
relation/14876323,relation/14876323,,"8",,,administrative,,,,,,Güneyce Mahallesi,,,,,,,,,,,boundary,,,Q31190040,,
relation/15011179,relation/15011179,,"8",,,administrative,,,,,,Yazıbeyli Mahallesi,,,,,,,,,,,boundary,,,Q8050649,,
relation/15054434,relation/15054434,,"8",,,administrative,,,,,,Yapracık Mahallesi,,,,,,,,,,,boundary,,,Q6087986,,
relation/15062320,relation/15062320,,"8",,,administrative,,,,,,Hacılar Mahallesi,,,,,,,,,,,boundary,,,Q106904770,,
relation/15062321,relation/15062321,,"8",,,administrative,,,,,,Hacıhasan Mahallesi,,,,,,,,,,,boundary,,,Q5637456,,
relation/15062414,relation/15062414,,"8",,,administrative,,,,,,Tulumtaş Mahallesi,,,,,,,,,,,boundary,,,Q7852423,,
relation/15062620,relation/15062620,,"8",,,administrative,,,,,,Orhun Mahallesi,,,,,,,,,,,boundary,,,Q97320993,,
relation/15062621,relation/15062621,,"8",,,administrative,,,,,,Yukarıyurtçu Mahallesi,,,,,,,,,,,boundary,,,Q6058883,,
relation/15062622,relation/15062622,,"8",,,administrative,,,,,,Aşağıyurtçu Mahallesi,,,,,,,,,,,boundary,,,Q6067581,,
relation/15062623,relation/15062623,,"8",,,administrative,,,,,,Atayurt Mahallesi,,,,,,,,,,,boundary,,,Q31190704,,
relation/15062688,relation/15062688,,"8",,,administrative,,,,,,Turkuaz Mahallesi,,,,,,,,,,,boundary,,,Q97321039,,
relation/15063735,relation/15063735,,"8",,,administrative,,,,,,Balıkuyumcu Mahallesi,,,,,,,,,,,boundary,,,Q6077565,,
relation/15063736,relation/15063736,,"8",,,administrative,,,,,,Şehitali Mahallesi,,,,,,,,,,,boundary,,,Q6075787,,
relation/15063737,relation/15063737,,"8",,,administrative,,,,,,Fevziye Mahallesi,,,,,,,,,,,boundary,,,Q6078824,,
relation/15608911,relation/15608911,,"8",,,administrative,,,,,,Oyaca Akarsu Mahallesi,,,,,,,,,,,boundary,,,Q15039584,,
relation/15608912,relation/15608912,,"8",,,administrative,,,,,,Oyaca Yeşilçam Mahallesi,,,,,,,,,,,boundary,,,Q15039584,,
relation/16005641,relation/16005641,,"8",,,administrative,,,,,,Şentepe Mahallesi,,,,,,,,,,,boundary,,,Q97233163,,
relation/16005642,relation/16005642,,"8",,,administrative,,,,,,İstiklal Mahallesi,,,,,,,,,,,boundary,,,Q97233067,,
relation/16005643,relation/16005643,,"8",,,administrative,,,,,,Çamlıca Mahallesi,,,,,,,,,,,boundary,,,Q109393845,,
relation/16005644,relation/16005644,,"8",,,administrative,,,,,,Yeni Mahalle,,,,,,,,,,,boundary,,,Q97232643,,
relation/16005645,relation/16005645,,"8",,,administrative,,,,,,Zafer Mahallesi,,,,,,,,,,,boundary,,,Q97232816,,
relation/16005646,relation/16005646,,"8",,,administrative,,,,,,Esentepe Mahallesi,,,,,,,,,,,boundary,,,Q97230858,,
relation/16005647,relation/16005647,,"8",,,administrative,,,,,,Gülveren Mahallesi,,,,,,,,,,,boundary,,,Q97231113,,
relation/16005648,relation/16005648,,"8",,,administrative,,,,,,Fatih Mahallesi,,,,,,,,,,,boundary,,,Q97230921,,
relation/16005649,relation/16005649,,"8",,,administrative,,,,,,Şehitlik Mahallesi,,,,,,,,,,,boundary,,,Q97233150,,
relation/16005650,relation/16005650,,"8",,,administrative,,,,,,Kurtuluş Mahallesi,,,,,,,,,,,boundary,,,Q97231547,,
relation/16005651,relation/16005651,,"8",,,administrative,,,,,,Cumhuriyet Mahallesi,,,,,,,,,,,boundary,,,Q97230505,,
relation/16005652,relation/16005652,,"8",,,administrative,,,,,,Gazi Mahallesi,,,,,,,,,,,boundary,,,Q97230999,,
relation/16005653,relation/16005653,,"8",,,administrative,,,,,,Mehmetakif Mahallesi,,,,,,,,,,,boundary,,,Q97231766,,
relation/16326514,relation/16326514,,"8",,,administrative,,,,,,Yeşilkent Mahallesi,,,,,,,,,,,boundary,,,Q97389572,,
relation/16346154,relation/16346154,,"8",,,administrative,,,,,,Aktaş Mahallesi,,,,,,,,,,,boundary,,,Q4701875,,
relation/16355834,relation/16355834,,"8",,,administrative,,,,,,Yiğitli Mahallesi,,,,,,,,,,,boundary,,,Q4832993,,
relation/16355835,relation/16355835,,"8",,,administrative,,,,,,Kavaklı Mahallesi,,,,,,,,,,,boundary,,,Q4833311,,
relation/16355944,relation/16355944,,"8",,,administrative,,,,,,Yukarı Obruk mahallesi,,,,,,,,,,,boundary,,,Q4833350,,
relation/16355945,relation/16355945,,"8",,,administrative,,,,,,Aşağı Obruk mahallesi,,,,,,,,,,,boundary,,,Q4833507,,
relation/16365796,relation/16365796,,"8",,,administrative,,,,,,Durhasan mahallesi,,,,,,,,,,,boundary,,,Q5316614,,
relation/16366655,relation/16366655,,"8",,,administrative,,,,,,Yaylak mahallesi,,,,,,,,,,,boundary,,,Q4833362,,
relation/16376856,relation/16376856,,"8",,,administrative,,,,,,Yıldırımevci mahallesi,,,,,,,,,,,boundary,,,Q4833356,,
relation/16490058,relation/16490058,,"8",,,administrative,,,,,,Yenice Mahallesi,,,,,,,,,,,boundary,,,Q97321049,,
relation/16490059,relation/16490059,,"8",,,administrative,,,,,,İsmetpaşa Mahallesi,,,,,,,,,,,boundary,,,Q97321069,,
relation/16490060,relation/16490060,,"8",,,administrative,,,,,,Gümüşpala Mahallesi,,,,,,,,,,,boundary,,,Q97320943,,
relation/16537826,relation/16537826,,"8",,,administrative,,,,,,İkipınar Mahallesi,,,,,,,,,,,boundary,,,Q8080076,,
relation/16538741,relation/16538741,,"8",,,administrative,,,,,,Melikşah Mahallesi,,,,,,,,,,,boundary,,,Q6812413,,
relation/16538742,relation/16538742,,"8",,,administrative,,,,,,Kızılca Mahallesi,,,,,,,,,,,boundary,,,Q6454805,,
relation/16686516,relation/16686516,,"8",,,administrative,,,,,,Dumlupınar Mahallesi,,,,,,,,,,,boundary,,,Q5313909,,
relation/16686570,relation/16686570,,"8",,,administrative,,,,,,Yenice Mahallesi,,,,,,,,,,,boundary,,,Q8052300,,
relation/16714170,relation/16714170,,"8",,,administrative,,,,,,Semer Mahallesi,,,,,,,,,,,boundary,,,Q6578036,,
relation/16714171,relation/16714171,,"8",,,administrative,,,,,,Ortaköy Mahallesi,,,,,,,,,,,boundary,,,Q7104216,,
relation/16801280,relation/16801280,,"8",,,administrative,,,,,,Yıldırımçatak Mahallesi,,,,,,,,,,,boundary,,,Q8005170,,
relation/16802383,relation/16802383,,"8",,,administrative,,,,,,Olucak Mahallesi,,,,,,,,,,,boundary,,,,,
relation/16802389,relation/16802389,,"8",,,administrative,,,,,,Yıldırımören Mahallesi,,,,,,,,,,,boundary,,,Q8005056,,
relation/16802487,relation/16802487,,"8",,,administrative,,,,,,Yıldırım Hacılar Mahallesi,,,,,,,,,,,boundary,,,Q8003938,,
relation/16811139,relation/16811139,,"8",,,administrative,,,,,,Yıldırım Aydoğan Mahallesi,,,,,,,,,,,boundary,,,Q4832974,,
relation/16811140,relation/16811140,,"8",,,administrative,,,,,,Yıldırım Elören Mahallesi,,,,,,,,,,,boundary,,,Q4833026,,
relation/16811141,relation/16811141,,"8",,,administrative,,,,,,Uluağaç Mahallesi,,,,,,,,,,,boundary,,,Q7880763,,
relation/16826728,relation/16826728,,"8",,,administrative,,,,,,Ömercik Mahallesi,,,,,,,,,,,boundary,,,Q8078970,,
relation/16826863,relation/16826863,,"8",,,administrative,,,,,,Akkuzulu Mahallesi,,,,,,,,,,,boundary,,,Q4701417,,
relation/16827018,relation/16827018,,"8",,,administrative,,,,,,Kargın Mahallesi,,,,,,,,,,,boundary,,,Q6370315,,
relation/16827495,relation/16827495,,"8",,,administrative,,,,,,Kapaklı Mahallesi,,,,,,,,,,,boundary,,,Q6366391,,
relation/16827496,relation/16827496,,"8",,,administrative,,,,,,Mutlu Mahallesi,,,,,,,,,,,boundary,,,Q6943989,,
relation/16827497,relation/16827497,,"8",,,administrative,,,,,,Kızılöz Mahallesi,,,,,,,,,,,boundary,,,Q12810562,,
relation/17057548,relation/17057548,,"8",,,administrative,,,,,,Tohumlar Mahallesi,,,,,,,,,,,boundary,,,Q6069995,,
relation/17057549,relation/17057549,,"8",,,administrative,,,,,,Karataş Mahallesi,,,,,,,,,,,boundary,,,Q97389467,,
relation/17078014,relation/17078014,,"8",,,administrative,,,,,,Otacı Mahallesi,,,,,,,,,,,boundary,,,Q8003971,,
relation/17147248,relation/17147248,,"8",,,administrative,,,,,,Karaçam Mahallesi,,,,,,,,,,,boundary,,,Q8003785,,
relation/17147353,relation/17147353,,"8",,,administrative,,,,,,Yeşilkent Mahallesi,,,,,,,,,,,boundary,,,Q4832984,,
relation/17147431,relation/17147431,,"8",,,administrative,,,,,,Çatokçular Mahallesi,,,,,,,,,,,boundary,,,Q8077563,,
relation/17149096,relation/17149096,,"8",,,administrative,,,,,,Nusratlar Mahallesi,,,,,,,,,,,boundary,,,Q7070373,,
relation/17154548,relation/17154548,,"8",,,administrative,,,,,,Kızılören Mahallesi,,,,,,,,,,,boundary,,,Q6454879,,
relation/17155019,relation/17155019,,"8",,,administrative,,,,,,Hacılar Mahallesi,,,,,,,,,,,boundary,,,Q5637489,,
relation/17160555,relation/17160555,,"8",,,administrative,,,,,,Yukarı Çavundur Mahallesi,,,,,,,,,,,boundary,,,Q8060595,,
relation/17164822,relation/17164822,,"8",,,administrative,,,,,,Kösrelik Mahallesi,,,,,,,,,,,boundary,,,Q4833328,,
relation/17164904,relation/17164904,,"8",,,administrative,,,,,,Sarısu Mahallesi,,,,,,,,,,,boundary,,,Q7424938,,
relation/17164949,relation/17164949,,"8",,,administrative,,,,,,Meşeli Mahallesi,,,,,,,,,,,boundary,,,Q4833300,,
relation/17164950,relation/17164950,,"8",,,administrative,,,,,,Dalyasan Mahallesi,,,,,,,,,,,boundary,,,Q4833341,,
relation/17165141,relation/17165141,,"8",,,administrative,,,,,,Demirci Mahallesi,,,,,,,,,,,boundary,,,Q4833283,,
relation/17165176,relation/17165176,,"8",,,administrative,,,,,,Oymiğde Mahallesi,,,,,,,,,,,boundary,,,Q7116395,,
relation/17174777,relation/17174777,,"8",,,administrative,,,,,,Camili Mahallesi,,,,,,,,,,,boundary,,,Q5026552,,
relation/17174908,relation/17174908,,"8",,,administrative,,,,,,Kuyumcu Mahallesi,,,,,,,,,,,boundary,,,Q6449141,,
relation/17191597,relation/17191597,,"8",,,administrative,,,,,,İmam Hüseyin Mahallesi,,,,,,,,,,,boundary,,,Q8080101,,
relation/17191633,relation/17191633,,"8",,,administrative,,,,,,Küçükali Mahallesi,,,,,,,,,,,boundary,,,Q6454224,,
relation/17191634,relation/17191634,,"8",,,administrative,,,,,,Cücük Mahallesi,,,,,,,,,,,boundary,,,Q5202806,,
relation/17192009,relation/17192009,,"8",,,administrative,,,,,,Eskiçöte Mahallesi,,,,,,,,,,,boundary,,,Q4833383,,
relation/17193901,relation/17193901,,"8",,,administrative,,,,,,Boğaziçi Mahallesi,,,,,,,,,,,boundary,,,Q97230346,,
relation/17193902,relation/17193902,,"8",,,administrative,,,,,,Kale Mahallesi,,,,,,,,,,,boundary,,,Q97231326,,
relation/17193903,relation/17193903,,"8",,,administrative,,,,,,Sarıkaya Mahallesi,,,,,,,,,,,boundary,,,Q97232247,,
relation/17193904,relation/17193904,,"8",,,administrative,,,,,,Sanayi Mahallesi,,,,,,,,,,,boundary,,,Q97232233,,
relation/17193905,relation/17193905,,"8",,,administrative,,,,,,Mustafacık Mahallesi,,,,,,,,,,,boundary,,,Q97231827,,
relation/17193906,relation/17193906,,"8",,,administrative,,,,,,Emek Mahallesi,,,,,,,,,,,boundary,,,Q97230748,,
relation/17203655,relation/17203655,,"8",,,administrative,,,,,,Akbayır Mahallesi,,,,,,,,,,,boundary,,,Q4700493,,
relation/17204373,relation/17204373,,"8",,,administrative,,,,,,Hacıbektaşlı Mahallesi,,,,,,,,,,,boundary,,,Q4832803,,
relation/17204374,relation/17204374,,"8",,,administrative,,,,,,Şeyh Kuyusu Mahallesi,,,,,,,,,,,boundary,,,Q97233184,,
relation/17204375,relation/17204375,,"8",,,administrative,,,,,,Mehmet Akif Ersoy Mahallesi,,,,,,,,,,,boundary,,,Q97231756,,
relation/17204376,relation/17204376,,"8",,,administrative,,,,,,Akseki Mahallesi,,,,,,,,,,,boundary,,,Q97229888,,
relation/17204377,relation/17204377,,"8",,,administrative,,,,,,Cumhuriyet Mahallesi,,,,,,,,,,,boundary,,,Q97230513,,
relation/17208083,relation/17208083,,"8",,,administrative,,,,,,Karadana Mahallesi,,,,,,,,,,,boundary,,,Q6367822,,
relation/17214445,relation/17214445,,"8",,,administrative,,,,,,Dedeler Mahallesi,,,,,,,,,,,boundary,,,Q4833017,,
relation/17214902,relation/17214902,,"8",,,administrative,,,,,,Yukarı Emirler Mahallesi,,,,,,,,,,,boundary,,,Q8003839,,
relation/17214947,relation/17214947,,"8",,,administrative,,,,,,Dağkalfat Mahallesi,,,,,,,,,,,boundary,,,Q4833335,,
relation/17215006,relation/17215006,,"8",,,administrative,,,,,,Susuz Mahallesi,,,,,,,,,,,boundary,,,Q7649821,,
relation/17225769,relation/17225769,,"8",,,administrative,,,,,,Okçular Mahallesi,,,,,,,,,,,boundary,,,Q4833378,,
relation/17225865,relation/17225865,,"8",,,administrative,,,,,,Mahmutoğlan Mahallesi,,,,,,,,,,,boundary,,,Q6734686,,
relation/17225883,relation/17225883,,"8",,,administrative,,,,,,Çitköy Mahallesi,,,,,,,,,,,boundary,,,Q8004383,,
relation/17225939,relation/17225939,,"8",,,administrative,,,,,,Saraycık Mahallesi,,,,,,,,,,,boundary,,,Q4833319,,
relation/17226043,relation/17226043,,"8",,,administrative,,,,,,Sarıkoz Mahallesi,,,,,,,,,,,boundary,,,Q4833275,,
relation/17226091,relation/17226091,,"8",,,administrative,,,,,,Sele Mahallesi,,,,,,,,,,,boundary,,,Q8003193,,
relation/17226109,relation/17226109,,"8",,,administrative,,,,,,Yazlıca Mahallesi,,,,,,,,,,,boundary,,,Q8050626,,
relation/17227243,relation/17227243,,"8",,,administrative,,,,,,Karaman Mahallesi,,,,,,,,,,,boundary,,,Q6368275,,
relation/17227298,relation/17227298,,"8",,,administrative,,,,,,Karaağaç Mahallesi,,,,,,,,,,,boundary,,,Q6367607,,
relation/17227305,relation/17227305,,"8",,,administrative,,,,,,Tahtayazı Mahallesi,,,,,,,,,,,boundary,,,Q11256720,,
relation/17227335,relation/17227335,,"8",,,administrative,,,,,,Aşağı Çavundur Mahallesi,,,,,,,,,,,boundary,,,Q4833514,,
relation/17227388,relation/17227388,,"8",,,administrative,,,,,,Gökçedere Mahallesi,,,,,,,,,,,boundary,,,Q5626529,,
relation/17227466,relation/17227466,,"8",,,administrative,,,,,,Sığırlıhacı Mahallesi,,,,,,,,,,,boundary,,,Q7667115,,
relation/17228131,relation/17228131,,"8",,,administrative,,,,,,Kutuören Mahallesi,,,,,,,,,,,boundary,,,Q6448671,,
relation/17228132,relation/17228132,,"8",,,administrative,,,,,,Tuğla Mahallesi,,,,,,,,,,,boundary,,,Q7857306,,
relation/17229122,relation/17229122,,"8",,,administrative,,,,,,Gümüşyayla Mahallesi,,,,,,,,,,,boundary,,,Q5626906,,
relation/17229378,relation/17229378,,"8",,,administrative,,,,,,Yakuphasan Mahallesi,,,,,,,,,,,boundary,,,Q8003409,,
relation/17229432,relation/17229432,,"8",,,administrative,,,,,,Yılmaz Mahallesi,,,,,,,,,,,boundary,,,Q8062633,,
relation/17229626,relation/17229626,,"8",,,administrative,,,,,,Karataş Mahallesi,,,,,,,,,,,boundary,,,Q4833007,,
relation/17229765,relation/17229765,,"8",,,administrative,,,,,,Özlüce Mahallesi,,,,,,,,,,,boundary,,,Q8008174,,
relation/17446814,relation/17446814,,"8",,,administrative,,,,,,Teberik Mahallesi,,,,,,,,,,,boundary,,,Q97222966,,
relation/17518362,relation/17518362,,"8",,,administrative,,,,,,Hançılı Mahallesi,,,,,,,,,,,boundary,,,Q5647079,,
relation/17518377,relation/17518377,,"8",,,administrative,,,,,,Karatepe Mahallesi,,,,,,,,,,,boundary,,,Q4831884,,
relation/17518409,relation/17518409,,"8",,,administrative,,,,,,Demirtaş Mahallesi,,,,,,,,,,,boundary,,,Q4831541,,
relation/17518670,relation/17518670,,"8",,,administrative,,,,,,Kınık Mahallesi,,,,,,,,,,,boundary,,,Q4831573,,
relation/17520876,relation/17520876,,"8",,,administrative,,,,,,Satılar Mahallesi,,,,,,,,,,,boundary,,,Q7426989,,
relation/17522033,relation/17522033,,"8",,,administrative,,,,,,Mahmutlar Mahallesi,,,,,,,,,,,boundary,,,Q4832273,,
relation/17522493,relation/17522493,,"8",,,administrative,,,,,,Elmapınar Mahallesi,,,,,,,,,,,boundary,,,Q4832232,,
relation/17522560,relation/17522560,,"8",,,administrative,,,,,,Afşar Mahallesi,,,,,,,,,,,boundary,,,Q4690899,,
relation/17522603,relation/17522603,,"8",,,administrative,,,,,,Yurtyenice Mahallesi,,,,,,,,,,,boundary,,,Q4832187,,
relation/17528294,relation/17528294,,"8",,,administrative,,,,,,Uyarca Mahallesi,,,,,,,,,,,boundary,,,Q4831872,,
relation/17528295,relation/17528295,,"8",,,administrative,,,,,,Kargın Mahallesi,,,,,,,,,,,boundary,,,Q109960892,,
relation/17528389,relation/17528389,,"8",,,administrative,,,,,,Akkuzulu Mahallesi,,,,,,,,,,,boundary,,,Q4701421,,
relation/17528765,relation/17528765,,"8",,,administrative,,,,,,Buğra Mahallesi,,,,,,,,,,,boundary,,,Q4831602,,
relation/17528794,relation/17528794,,"8",,,administrative,,,,,,Gökçeören Mahallesi,,,,,,,,,,,boundary,,,Q4831110,,
relation/17528810,relation/17528810,,"8",,,administrative,,,,,,Alibeyli Mahallesi,,,,,,,,,,,boundary,,,Q4725649,,
relation/17530499,relation/17530499,,"8",,,administrative,,,,,,Karalar Mahallesi,,,,,,,,,,,boundary,,,Q4832345,,
relation/17531576,relation/17531576,,"8",,,administrative,,,,,,Gökdere Mahallesi,,,,,,,,,,,boundary,,,Q4831446,,
relation/17531733,relation/17531733,,"8",,,administrative,,,,,,Samanlık Mahallesi,,,,,,,,,,,boundary,,,Q7408602,,
relation/17533265,relation/17533265,,"8",,,administrative,,,,,,Yalım Mahallesi,,,,,,,,,,,boundary,,,Q8047545,,
relation/17533510,relation/17533510,,"8",,,administrative,,,,,,Gölköy Mahallesi,,,,,,,,,,,boundary,,,Q5626578,,
relation/17533622,relation/17533622,,"8",,,administrative,,,,,,Şeyhmahmut Mahallesi,,,,,,,,,,,boundary,,,Q8082513,,
relation/17538114,relation/17538114,,"8",,,administrative,,,,,,Ahikemal Şenyurt Mahallesi,,,,,,,,,,,boundary,,,Q97219836,,
relation/17542447,relation/17542447,,"8",,,administrative,,,,,,Halilağa Tabakhane Mahallesi,,,,,,,,,,,boundary,,,Q109960886,,
relation/17542499,relation/17542499,,"8",,,administrative,,,,,,Çanşa Kale Mahallesi,,,,,,,,,,,boundary,,,Q97223649,,
relation/17542638,relation/17542638,,"8",,,administrative,,,,,,Ahiler Yenice Mahallesi,,,,,,,,,,,boundary,,,Q97219843,,
relation/17542658,relation/17542658,,"8",,,administrative,,,,,,Cumasaray Mahallesi,,,,,,,,,,,boundary,,,Q109960885,,
relation/17542790,relation/17542790,,"8",,,administrative,,,,,,Halitcevriaslangil Mahallesi,,,,,,,,,,,boundary,,,Q97221468,,
relation/17542867,relation/17542867,,"8",,,administrative,,,,,,Yenidoğan Yeşilyurt Mahallesi,,,,,,,,,,,boundary,,,Q97223353,,
relation/17542915,relation/17542915,,"8",,,administrative,,,,,,Gümüşpınar Mahallesi,,,,,,,,,,,boundary,,,Q8002847,,
relation/17542946,relation/17542946,,"8",,,administrative,,,,,,Aktepe Mahallesi,,,,,,,,,,,boundary,,,Q4701877,,
relation/17542971,relation/17542971,,"8",,,administrative,,,,,,Tilkiköy Mahallesi,,,,,,,,,,,boundary,,,Q7802168,,
relation/17543125,relation/17543125,,"8",,,administrative,,,,,,Arkbürk Mahallesi,,,,,,,,,,,boundary,,,Q4791948,,
relation/17543155,relation/17543155,,"8",,,administrative,,,,,,Eskiköy Mahallesi,,,,,,,,,,,boundary,,,Q4831748,,
relation/17543195,relation/17543195,,"8",,,administrative,,,,,,Çiftlikköy Mahallesi,,,,,,,,,,,boundary,,,Q8077709,,
relation/17544835,relation/17544835,,"8",,,administrative,,,,,,Kızılkaya Mahallesi,,,,,,,,,,,boundary,,,Q6454854,,
relation/17544929,relation/17544929,,"8",,,administrative,,,,,,Akkaynak Mahallesi,,,,,,,,,,,boundary,,,Q4701358,,
relation/17544930,relation/17544930,,"8",,,administrative,,,,,,Karahüyük Mahallesi,,,,,,,,,,,boundary,,,Q6367969,,
relation/17544931,relation/17544931,,"8",,,administrative,,,,,,Kılçak Mahallesi,,,,,,,,,,,boundary,,,Q4831549,,
relation/17544932,relation/17544932,,"8",,,administrative,,,,,,Keklicek Mahallesi,,,,,,,,,,,boundary,,,Q4832424,,
relation/17545003,relation/17545003,,"8",,,administrative,,,,,,Hacıköy Mahallesi,,,,,,,,,,,boundary,,,Q4831773,,
relation/17546315,relation/17546315,,"8",,,administrative,,,,,,Değirmenkaya Mahallesi,,,,,,,,,,,boundary,,,Q4831839,,
relation/17546366,relation/17546366,,"8",,,administrative,,,,,,Akçataş Mahallesi,,,,,,,,,,,boundary,,,Q4702084,,
relation/17546509,relation/17546509,,"8",,,administrative,,,,,,Yılanlı Mahallesi,,,,,,,,,,,boundary,,,Q8062615,,
relation/17546705,relation/17546705,,"8",,,administrative,,,,,,Hasayaz Mahallesi,,,,,,,,,,,boundary,,,Q5678662,,
relation/17546753,relation/17546753,,"8",,,administrative,,,,,,Yeniçöte Mahallesi,,,,,,,,,,,boundary,,,Q8052364,,
relation/17547029,relation/17547029,,"8",,,administrative,,,,,,Yeşilöz Mahallesi,,,,,,,,,,,boundary,,,Q4832160,,
relation/17547309,relation/17547309,,"8",,,administrative,,,,,,Tavşancık Mahallesi,,,,,,,,,,,boundary,,,Q7689184,,
relation/17549080,relation/17549080,,"8",,,administrative,,,,,,Dağdemir Mahallesi,,,,,,,,,,,boundary,,,Q4831566,,
relation/17549268,relation/17549268,,"8",,,administrative,,,,,,Çandır Mahallesi,,,,,,,,,,,boundary,,,Q4831685,,
relation/17549286,relation/17549286,,"8",,,administrative,,,,,,Çaykaya Mahallesi,,,,,,,,,,,boundary,,,Q4832264,,
relation/17549287,relation/17549287,,"8",,,administrative,,,,,,Yüzbey Mahallesi,,,,,,,,,,,boundary,,,Q8062608,,
relation/17549329,relation/17549329,,"8",,,administrative,,,,,,Altıntaş Mahallesi,,,,,,,,,,,boundary,,,Q4737092,,
relation/17550486,relation/17550486,,"8",,,administrative,,,,,,Beykavağı Mahallesi,,,,,,,,,,,boundary,,,Q4832228,,
relation/17550568,relation/17550568,,"8",,,administrative,,,,,,Şemsettin Mahallesi,,,,,,,,,,,boundary,,,Q8082466,,
relation/17550633,relation/17550633,,"8",,,administrative,,,,,,Koyunbaba Mahallesi,,,,,,,,,,,boundary,,,Q4831534,,
relation/17550634,relation/17550634,,"8",,,administrative,,,,,,Kuyucak Mahallesi,,,,,,,,,,,boundary,,,Q4831981,,
relation/17550674,relation/17550674,,"8",,,administrative,,,,,,Eşmedere Mahallesi,,,,,,,,,,,boundary,,,Q4832082,,
relation/17552191,relation/17552191,,"8",,,administrative,,,,,,Ahmetadil Mahallesi,,,,,,,,,,,boundary,,,Q4696219,,
relation/17552192,relation/17552192,,"8",,,administrative,,,,,,Kozayağı Mahallesi,,,,,,,,,,,boundary,,,Q6435218,,
relation/17552224,relation/17552224,,"8",,,administrative,,,,,,Karacakaya Mahallesi,,,,,,,,,,,boundary,,,Q367641,,
relation/17552313,relation/17552313,,"8",,,administrative,,,,,,Haydar Mahallesi,,,,,,,,,,,boundary,,,Q5686238,,
relation/17552335,relation/17552335,,"8",,,administrative,,,,,,Elecik Mahallesi,,,,,,,,,,,boundary,,,Q5354490,,
relation/17552575,relation/17552575,,"8",,,administrative,,,,,,Çınar Mahallesi,,,,,,,,,,,boundary,,,Q8077839,,
relation/17552655,relation/17552655,,"8",,,administrative,,,,,,Balıkhisar Mahallesi,,,,,,,,,,,boundary,,,Q4853223,,
relation/17552671,relation/17552671,,"8",,,administrative,,,,,,Güzelhisar Mahallesi,,,,,,,,,,,boundary,,,Q5627195,,
relation/17552756,relation/17552756,,"8",,,administrative,,,,,,Saracalar Mahallesi,,,,,,,,,,,boundary,,,Q7421947,,
relation/17554115,relation/17554115,,"8",,,administrative,,,,,,Peçenek Mahallesi,,,,,,,,,,,boundary,,,Q97321003,,
relation/17554116,relation/17554116,,"8",,,administrative,,,,,,Altınova Mahallesi,,,,,,,,,,,boundary,,,Q97320904,,
relation/17554219,relation/17554219,,"8",,,administrative,,,,,,Yıldırım Beyazıt Mahallesi,,,,,,,,,,,boundary,,,Q97321058,,
relation/17554578,relation/17554578,,"8",,,administrative,,,,,,Yeni Karaköy Mahallesi,,,,,,,,,,,boundary,,,Q12810250,,
relation/17554594,relation/17554594,,"8",,,administrative,,,,,,Saray Osmangazi Mahallesi,,,,,,,,,,,boundary,,,Q97321017,,
relation/17554903,relation/17554903,,"8",,,administrative,,,,,,Saray Fatih Mahallesi,,,,,,,,,,,boundary,,,Q97321016,,
relation/17554934,relation/17554934,,"8",,,administrative,,,,,,Saray Cumhuriyet Mahallesi,,,,,,,,,,,boundary,,,Q97321015,,
relation/17554994,relation/17554994,,"8",,,administrative,,,,,,Saray Gümüşoluk Mahallesi,,,,,,,,,,,boundary,,,Q109393847,,
relation/17555010,relation/17555010,,"8",,,administrative,,,,,,Kösrelikkızığı Mahallesi,,,,,,,,,,,boundary,,,Q6454019,,
relation/17555911,relation/17555911,,"8",,,administrative,,,,,,Abadan Mahallesi,,,,,,,,,,,boundary,,,Q4663197,,
relation/17555932,relation/17555932,,"8",,,administrative,,,,,,Karşıyaka Mahallesi,,,,,,,,,,,boundary,,,Q97320955,,
relation/17556015,relation/17556015,,"8",,,administrative,,,,,,Sirkeli Yeşilova Mahallesi,,,,,,,,,,,boundary,,,Q97321024,,
relation/17557057,relation/17557057,,"8",,,administrative,,,,,,Tekirler Mahallesi,,,,,,,,,,,boundary,,,Q7695359,,
relation/17557058,relation/17557058,,"8",,,administrative,,,,,,Nebioğlu Mahallesi,,,,,,,,,,,boundary,,,Q6984603,,
relation/17559486,relation/17559486,,"8",,,administrative,,,,,,Yuva Mahallesi,,,,,,,,,,,boundary,,,Q8062142,,
relation/17559534,relation/17559534,,"8",,,administrative,,,,,,Yusufuşağı Mahallesi,,,,,,,,,,,boundary,,,Q4831440,,
relation/17559535,relation/17559535,,"8",,,administrative,,,,,,İnebeyli Mahallesi,,,,,,,,,,,boundary,,,Q4831832,,
relation/17561721,relation/17561721,,"8",,,administrative,,,,,,Demirayak Mahallesi,,,,,,,,,,,boundary,,,Q4831764,,
relation/17561722,relation/17561722,,"8",,,administrative,,,,,,Altınbaşak Mahallesi,,,,,,,,,,,boundary,,,Q4737073,,
relation/17563180,relation/17563180,,"8",,,administrative,,,,,,Sirkeli Yeşilyurt Mahallesi,,,,,,,,,,,boundary,,,Q97321026,,
relation/17563284,relation/17563284,,"8",,,administrative,,,,,,Balcılar Mahallesi,,,,,,,,,,,boundary,,,Q4850284,,
relation/17563326,relation/17563326,,"8",,,administrative,,,,,,Pazar Başören Mahallesi,,,,,,,,,,,boundary,,,Q7117812,,
relation/17564249,relation/17564249,,"8",,,administrative,,,,,,Danişment Mahallesi,,,,,,,,,,,boundary,,,Q5219919,,
relation/17564250,relation/17564250,,"8",,,administrative,,,,,,Yenice Mahallesi,,,,,,,,,,,boundary,,,Q8008092,,
relation/17564251,relation/17564251,,"8",,,administrative,,,,,,Uzunöz Mahallesi,,,,,,,,,,,boundary,,,Q7905255,,
relation/17564253,relation/17564253,,"8",,,administrative,,,,,,Yıldırımyağlıca Mahallesi,,,,,,,,,,,boundary,,,Q8003212,,
relation/17564284,relation/17564284,,"8",,,administrative,,,,,,Yıldırımdemirciler Mahallesi,,,,,,,,,,,boundary,,,Q8003736,,
relation/17564400,relation/17564400,,"8",,,administrative,,,,,,Bayır Mahallesi,,,,,,,,,,,boundary,,,Q4875062,,
relation/17564543,relation/17564543,,"8",,,administrative,,,,,,Çukurca Mahallesi,,,,,,,,,,,boundary,,,Q8077805,,
relation/17564548,relation/17564548,,"8",,,administrative,,,,,,Fasıl Mahallesi,,,,,,,,,,,boundary,,,Q5437140,,
relation/17564549,relation/17564549,,"8",,,administrative,,,,,,Harmancık Mahallesi,,,,,,,,,,,boundary,,,Q5659050,,
relation/17564652,relation/17564652,,"8",,,administrative,,,,,,Kömürcü Mahallesi,,,,,,,,,,,boundary,,,Q6453862,,
relation/17564653,relation/17564653,,"8",,,administrative,,,,,,Yakupabdal Mahallesi,,,,,,,,,,,boundary,,,Q97389560,,
relation/17564699,relation/17564699,,"8",,,administrative,,,,,,Eğerlibaşköy Mahallesi,,,,,,,,,,,boundary,,,Q5423505,,
relation/17564776,relation/17564776,,"8",,,administrative,,,,,,Aksak Mahallesi,,,,,,,,,,,boundary,,,Q4701738,,
relation/17564886,relation/17564886,,"8",,,administrative,,,,,,Eğerlidereköy Mahallesi,,,,,,,,,,,boundary,,,Q5423499,,
relation/17565392,relation/17565392,,"8",,,administrative,,,,,,Yayla Mahallesi,,,,,,,,,,,boundary,,,Q97389568,,
relation/17565393,relation/17565393,,"8",,,administrative,,,,,,Çavuşlu Mahallesi,,,,,,,,,,,boundary,,,Q6089209,,
relation/17565394,relation/17565394,,"8",,,administrative,,,,,,Karahasanlı Mahallesi,,,,,,,,,,,boundary,,,Q6098132,,
relation/17565395,relation/17565395,,"8",,,administrative,,,,,,Akarlar Mahallesi,,,,,,,,,,,boundary,,,Q4700300,,
relation/17565396,relation/17565396,,"8",,,administrative,,,,,,Evciler Mahallesi,,,,,,,,,,,boundary,,,Q5416108,,
relation/17566257,relation/17566257,,"8",,,administrative,,,,,,Kayabükü Mahallesi,,,,,,,,,,,boundary,,,Q10778274,,
relation/17566258,relation/17566258,,"8",,,administrative,,,,,,Avcıova Mahallesi,,,,,,,,,,,boundary,,,Q4827906,,
relation/17566259,relation/17566259,,"8",,,administrative,,,,,,Yukarıulucak Mahallesi,,,,,,,,,,,boundary,,,Q10837849,,
relation/17566629,relation/17566629,,"8",,,administrative,,,,,,Yağcıhüseyin Mahallesi,,,,,,,,,,,boundary,,,Q8002828,,
relation/17566630,relation/17566630,,"8",,,administrative,,,,,,Belpınar Mahallesi,,,,,,,,,,,boundary,,,Q4884665,,
relation/17566809,relation/17566809,,"8",,,administrative,,,,,,Salın Mahallesi,,,,,,,,,,,boundary,,,Q7407012,,
relation/17566816,relation/17566816,,"8",,,administrative,,,,,,Beşkonak Mahallesi,,,,,,,,,,,boundary,,,Q4900452,,
relation/17568392,relation/17568392,,"8",,,administrative,,,,,,Eğerlikozören Mahallesi,,,,,,,,,,,boundary,,,Q5423506,,
relation/17568415,relation/17568415,,"8",,,administrative,,,,,,Eğerlialören Mahallesi,,,,,,,,,,,boundary,,,Q5423501,,
relation/17568586,relation/17568586,,"8",,,administrative,,,,,,Yukarıçanlı Mahallesi,,,,,,,,,,,boundary,,,Q8060599,,
relation/17568655,relation/17568655,,"8",,,administrative,,,,,,Yukarıkese Mahallesi,,,,,,,,,,,boundary,,,Q8060587,,
relation/17571427,relation/17571427,,"8",,,administrative,,,,,,Kasımlar Mahallesi,,,,,,,,,,,boundary,,,Q6374944,,
relation/17571596,relation/17571596,,"8",,,administrative,,,,,,Hıdırlar Mahallesi,,,,,,,,,,,boundary,,,Q5965115,,
relation/17571604,relation/17571604,,"8",,,administrative,,,,,,İğceler Mahallesi,,,,,,,,,,,boundary,,,Q8003498,,
relation/17582326,relation/17582326,,"8",,,administrative,,,,,,Süleler Mahallesi,,,,,,,,,,,boundary,,,Q7666716,,
relation/17582427,relation/17582427,,"8",,,administrative,,,,,,Berçinçatak Mahallesi,,,,,,,,,,,boundary,,,Q4896144,,
relation/17582428,relation/17582428,,"8",,,administrative,,,,,,Üyücek Mahallesi,,,,,,,,,,,boundary,,,Q8003878,,
relation/17582440,relation/17582440,,"8",,,administrative,,,,,,Gebeler Mahallesi,,,,,,,,,,,boundary,,,Q5529562,,
relation/17583711,relation/17583711,,"8",,,administrative,,,,,,Berçinyayalar Mahallesi,,,,,,,,,,,boundary,,,Q4896143,,
relation/17583712,relation/17583712,,"8",,,administrative,,,,,,Şahinler,,,,,,,,,,,boundary,,,Q8003015,,
relation/17584339,relation/17584339,,"8",,,administrative,,,,,,Avdan Mahallesi,,,,,,,,,,,boundary,,,Q4827918,,
relation/17618165,relation/17618165,,"8",,,administrative,,,,,,Gökbel Mahallesi,,,,,,,,,,,boundary,,,Q5626472,,
relation/17618322,relation/17618322,,"8",,,administrative,,,,,,Dereneci Mahallesi,,,,,,,,,,,boundary,,,Q8003810,,
relation/17627282,relation/17627282,,"8",,,administrative,,,,,,Kavaközü Mahallesi,,,,,,,,,,,boundary,,,Q6379037,,
relation/17627515,relation/17627515,,"8",,,administrative,,,,,,Karaağaç Mahallesi,,,,,,,,,,,boundary,,,Q6367598,,
relation/17631020,relation/17631020,,"8",,,administrative,,,,,,Bulak Mahallesi,,,,,,,,,,,boundary,,,Q4987197,,
relation/17631050,relation/17631050,,"8",,,administrative,,,,,,Ayvacık Mahallesi,,,,,,,,,,,boundary,,,Q8003727,,
relation/17631876,relation/17631876,,"8",,,administrative,,,,,,Güvem Mahallesi,,,,,,,,,,,boundary,,,Q5627173,,
relation/17631883,relation/17631883,,"8",,,administrative,,,,,,Semeler Mahallesi,,,,,,,,,,,boundary,,,Q7449205,,
relation/17631999,relation/17631999,,"8",,,administrative,,,,,,Saray Mahallesi,,,,,,,,,,,boundary,,,Q7423470,,
relation/17632000,relation/17632000,,"8",,,administrative,,,,,,Çukurören Mahallesi,,,,,,,,,,,boundary,,,Q8003799,,
relation/17632167,relation/17632167,,"8",,,administrative,,,,,,Oğlakçı Mahallesi,,,,,,,,,,,boundary,,,Q7116764,,
relation/17632252,relation/17632252,,"8",,,administrative,,,,,,Yanık Özbekler Mahallesi,,,,,,,,,,,boundary,,,Q8049019,,
relation/17633493,relation/17633493,,"8",,,administrative,,,,,,Kızılcaören Mahallesi,,,,,,,,,,,boundary,,,Q6454827,,
relation/17633494,relation/17633494,,"8",,,administrative,,,,,,Ciğirler Mahallesi,,,,,,,,,,,boundary,,,Q5124827,,
relation/17641584,relation/17641584,,"8",,,administrative,,,,,,Gazi Mustafa Kemalpaşa Mahallesi,,,,,,,,,,,boundary,,,Q97231030,,
relation/17641680,relation/17641680,,"8",,,administrative,,,,,,Yenice Mahallesi,,,,,,,,,,,boundary,,,Q97232675,,
relation/17641681,relation/17641681,,"8",,,administrative,,,,,,Akçay Mahallesi,,,,,,,,,,,boundary,,,Q97229914,,
relation/17641682,relation/17641682,,"8",,,administrative,,,,,,Karşıyaka Mahallesi,,,,,,,,,,,boundary,,,Q97231384,,
relation/17663609,relation/17663609,,"8",,,administrative,,,,,,Karacaören Mahallesi,,,,,,,,,,,boundary,,,Q6367710,,
relation/17669753,relation/17669753,,"8",,,administrative,,,,,,Sazak Mahallesi,,,,,,,,,,,boundary,,,Q7429391,,
relation/17807626,relation/17807626,,"8",,,administrative,,,,,,Oltan Mahallesi,,,,,,,neighbourhood,"1589",2023/12/31,,boundary,,,,,
relation/18231685,relation/18231685,,"8",,,administrative,,,,,,Yeni Mahallesi,,,,,,,,,,,boundary,,,,,
relation/18231721,relation/18231721,,"8",,,administrative,,,,,,Seyran Mahallesi,,,,,,,,,,,boundary,,,,,
relation/18231783,relation/18231783,,"8",,,administrative,,,,,,Kayabaşı Mahallesi,,,,,,,,,,,boundary,,,,,
relation/18232399,relation/18232399,,"8",,,administrative,,,,,,Medrese Mahallesi,,,,,,,,,,,boundary,,,,,
relation/18232478,relation/18232478,,"8",,,administrative,,,,,,Çaldağ Mahallesi,,,,,,,,,,,boundary,,,,,
relation/18485843,relation/18485843,,"8",,,administrative,,,,,,Kargalı Mahallesi,,,,,,,,,,,boundary,,,,,
relation/18486125,relation/18486125,,"8",,,administrative,,,,,,Eski Polatlı Mahallesi,,,,,,,,,,,boundary,,,,,
relation/18486126,relation/18486126,,"8",,,administrative,,,,,,Gündoğan Mahallesi,,,,,,,,,,,boundary,,,,,
relation/18486157,relation/18486157,,"8",,,administrative,,,,,,Türkkarsak Mahallesi,,,,,,,,,,,boundary,,,,,
relation/18698108,relation/18698108,,"8",,,administrative,,,,,,Cumhuriyet Mahallesi,,,,,,,,,,,boundary,,,,,
relation/18698109,relation/18698109,,"8",,,administrative,,,,,,Çakırlar Mahallesi,,,,,,,,,,,boundary,,,,,
relation/19516175,relation/19516175,,"8",,,administrative,,,,,,Ahi Evran OSB Mahallesi,,,,,,,,,,,boundary,,,,,
relation/19538553,relation/19538553,,"8",,,administrative,,,,,,Yaylabağ Mahallesi,,,,,,,,,,,boundary,,,,,
relation/19550219,relation/19550219,,"8",,,administrative,,,,,,Eymir Mahallesi,,,,,,,,,,,boundary,,,,,
relation/19550238,relation/19550238,,"8",,,administrative,,,,,,Örencik Mahallesi,,,,,,,,,,,boundary,,,,,
relation/19550294,relation/19550294,,"8",,,administrative,,,,,,Yurtbeyi Mahallesi,,,,,,,,,,,boundary,,,,,
relation/19566255,relation/19566255,,"8",,,administrative,,,,,,Seğmenler Mahallesi,,,,,,,,,,,boundary,,,,,
